8,	19.42,	12363,	18214,	14721,	32935
9,	19.46,	12344,	18187,	14722,	32909
10,	19.45,	12350,	18204,	14728,	32932
11,	19.44,	12355,	18204,	14722,	32926
12,	19.40,	12373,	18205,	14702,	32907
13,	19.44,	12352,	18206,	14727,	32933
14,	19.45,	12350,	18201,	14726,	32927
15,	19.43,	12360,	18208,	14720,	32928
16,	19.44,	12356,	18205,	14722,	32927
17,	19.43,	12359,	18205,	14718,	32923
18,	19.39,	12378,	18206,	14696,	32902
19,	19.44,	12355,	18203,	14721,	32924
20,	19.43,	12360,	18202,	14715,	32917
21,	19.43,	12360,	18207,	14719,	32926
22,	19.44,	12352,	18200,	14723,	32923
23,	19.46,	12343,	18201,	14734,	32935
24,	19.54,	12305,	18179,	14762,	32941
25,	19.62,	12268,	18145,	14779,	32924
26,	19.78,	12191,	18087,	14824,	32911
27,	19.94,	12120,	18049,	14880,	32929
28,	20.18,	12009,	17972,	14954,	32926
29,	20.40,	11906,	17899,	15021,	32920
30,	20.61,	11810,	17831,	15086,	32917
31,	20.83,	11712,	17765,	15156,	32921
32,	21.05,	11611,	17695,	15228,	32923
33,	21.25,	11526,	17631,	15285,	32916
34,	21.51,	11412,	17561,	15376,	32937
35,	21.72,	11321,	17500,	15445,	32945
36,	21.92,	11234,	17437,	15509,	32946
37,	22.19,	11117,	17349,	15593,	32942
38,	22.33,	11061,	17292,	15621,	32913
39,	22.48,	10996,	17245,	15671,	32916
40,	22.64,	10931,	17189,	15713,	32902
41,	22.80,	10864,	17143,	15767,	32910
42,	22.96,	10797,	17093,	15819,	32912
43,	23.05,	10763,	17070,	15847,	32917
44,	23.17,	10713,	17033,	15887,	32920
45,	23.28,	10668,	17003,	15925,	32928
46,	23.39,	10625,	16944,	15935,	32879
47,	23.59,	10546,	16898,	16011,	32909
48,	23.66,	10515,	16878,	16038,	32916
49,	23.73,	10490,	16844,	16044,	32888
50,	23.88,	10430,	16803,	16097,	32900
51,	23.97,	10395,	16770,	16120,	32890
52,	24.05,	10362,	16747,	16149,	32896
53,	24.15,	10323,	16715,	16179,	32894
54,	24.24,	10289,	16693,	16211,	32904
55,	24.32,	10260,	16671,	16236,	32907
56,	24.40,	10229,	16645,	16259,	32904
57,	24.50,	10190,	16606,	16283,	32889
58,	24.56,	10168,	16603,	16315,	32918
59,	24.62,	10143,	16573,	16327,	32900
60,	24.67,	10126,	16555,	16336,	32891
61,	24.72,	10104,	16536,	16353,	32889
62,	24.77,	10087,	16508,	16353,	32861
63,	24.81,	10070,	16492,	16364,	32856
64,	24.88,	10046,	16473,	16385,	32858
65,	24.94,	10024,	16452,	16400,	32852
66,	25.00,	10000,	16433,	16420,	32853
67,	25.02,	9994,	16412,	16408,	32820
68,	25.06,	9979,	16401,	16423,	32824
69,	25.07,	9975,	16405,	16433,	32838
70,	25.08,	9970,	16404,	16441,	32845
71,	25.18,	9934,	16376,	16471,	32847
72,	25.18,	9931,	16387,	16488,	32875
73,	25.26,	9905,	16355,	16499,	32854
74,	25.29,	9892,	16348,	16513,	32861
75,	25.34,	9872,	16344,	16543,	32887
76,	25.37,	9862,	16337,	16552,	32889
77,	25.41,	9849,	16328,	16565,	32893
78,	25.50,	9816,	16316,	16608,	32924
79,	25.50,	9814,	16300,	16595,	32895
80,	25.53,	9803,	16295,	16610,	32905
81,	25.59,	9783,	16281,	16628,	32909
82,	25.66,	9758,	16252,	16642,	32894
83,	25.68,	9750,	16249,	16653,	32902
84,	25.75,	9722,	16222,	16672,	32894
85,	25.81,	9701,	16205,	16691,	32896
86,	25.86,	9684,	16199,	16715,	32914
87,	25.90,	9669,	16173,	16713,	32886
88,	25.96,	9646,	16160,	16740,	32900
89,	25.99,	9636,	16152,	16748,	32900
90,	26.05,	9617,	16139,	16768,	32907
91,	26.12,	9591,	16112,	16785,	32897
92,	26.14,	9585,	16102,	16786,	32888
93,	26.22,	9554,	16088,	16825,	32913
94,	26.28,	9534,	16067,	16839,	32906
95,	26.30,	9526,	16048,	16833,	32881
96,	26.32,	9518,	16043,	16842,	32885
97,	26.38,	9497,	16030,	16866,	32896
98,	26.42,	9483,	16010,	16870,	32880
99,	26.47,	9467,	16015,	16904,	32919
100,	26.51,	9452,	15985,	16898,	32883
101,	26.57,	9433,	15971,	16918,	32889
102,	26.58,	9428,	15971,	16927,	32898
103,	26.67,	9396,	15921,	16930,	32851
104,	26.68,	9392,	15939,	16957,	32896
105,	26.72,	9379,	15918,	16958,	32876
106,	26.76,	9366,	15909,	16972,	32881
107,	26.79,	9356,	15891,	16972,	32863
108,	26.86,	9330,	15880,	17006,	32886
109,	26.88,	9323,	15876,	17016,	32892
110,	26.94,	9302,	15858,	17034,	32892
111,	26.99,	9286,	15843,	17048,	32891
112,	26.99,	9287,	15838,	17040,	32878
113,	27.03,	9273,	15827,	17054,	32881
114,	27.08,	9254,	15814,	17076,	32890
115,	27.11,	9245,	15807,	17084,	32891
116,	27.14,	9233,	15794,	17093,	32887
117,	27.21,	9211,	15780,	17118,	32898
118,	27.24,	9201,	15772,	17127,	32899
119,	27.28,	9186,	15751,	17133,	32884
120,	27.32,	9173,	15743,	17149,	32892
121,	27.39,	9150,	15717,	17163,	32880
122,	27.42,	9138,	15714,	17182,	32896
123,	27.45,	9129,	15713,	17199,	32912
124,	27.47,	9122,	15697,	17194,	32891
125,	27.51,	9110,	15691,	17210,	32901
126,	27.54,	9097,	15668,	17210,	32878
127,	27.62,	9071,	15659,	17248,	32907
128,	27.63,	9067,	15651,	17247,	32898
129,	27.73,	9035,	15635,	17291,	32926
130,	27.72,	9039,	15622,	17270,	32892
131,	27.74,	9032,	15612,	17271,	32883
132,	27.74,	9030,	15618,	17282,	32900
133,	27.84,	8999,	15586,	17306,	32892
134,	27.85,	8995,	15580,	17307,	32887
135,	27.89,	8983,	15568,	17317,	32885
136,	27.90,	8977,	15563,	17322,	32885
137,	27.96,	8959,	15544,	17336,	32880
138,	28.02,	8939,	15528,	17358,	32886
139,	28.04,	8932,	15531,	17375,	32906
140,	28.05,	8928,	15520,	17369,	32889
141,	28.11,	8910,	15508,	17392,	32900
142,	28.18,	8887,	15494,	17421,	32915
143,	28.18,	8886,	15492,	17421,	32913
144,	28.22,	8872,	15478,	17432,	32910
145,	28.29,	8851,	15463,	17457,	32920
146,	28.31,	8845,	15455,	17459,	32914
147,	28.37,	8824,	15439,	17482,	32921
148,	28.39,	8819,	15429,	17482,	32911
149,	28.41,	8811,	15421,	17487,	32908
150,	28.49,	8784,	15411,	17531,	32942
151,	28.51,	8778,	15397,	17527,	32924
152,	28.53,	8772,	15385,	17525,	32910
153,	28.58,	8755,	15372,	17543,	32915
154,	28.62,	8743,	15354,	17548,	32902
155,	28.69,	8720,	15321,	17556,	32877
156,	28.70,	8717,	15319,	17559,	32878
157,	28.76,	8699,	15299,	17572,	32871
158,	28.80,	8685,	15289,	17590,	32879
159,	28.82,	8681,	15284,	17593,	32877
160,	28.85,	8671,	15273,	17599,	32872
161,	28.89,	8658,	15267,	17620,	32887
162,	28.94,	8642,	15249,	17631,	32880
163,	28.97,	8633,	15239,	17638,	32877
164,	29.01,	8618,	15235,	17663,	32898
165,	29.00,	8624,	15230,	17646,	32876
166,	29.02,	8616,	15210,	17640,	32850
167,	29.09,	8595,	15204,	17676,	32880
168,	29.10,	8591,	15201,	17679,	32880
169,	29.15,	8575,	15186,	17696,	32882
170,	29.22,	8553,	15173,	17725,	32898
171,	29.13,	8580,	15176,	17673,	32849
172,	29.22,	8552,	15162,	17714,	32876
173,	29.24,	8546,	15157,	17721,	32878
174,	29.23,	8550,	15146,	17701,	32847
175,	29.32,	8523,	15131,	17738,	32869
176,	29.35,	8512,	15126,	17756,	32882
177,	29.38,	8504,	15114,	17759,	32873
178,	29.41,	8493,	15103,	17769,	32872
179,	29.45,	8483,	15095,	17781,	32876
180,	29.51,	8463,	15070,	17792,	32862
181,	29.52,	8461,	15071,	17799,	32870
182,	29.57,	8445,	15063,	17822,	32885
183,	29.60,	8435,	15048,	17826,	32874
184,	29.60,	8435,	15048,	17825,	32873
185,	29.65,	8420,	15030,	17836,	32866
186,	29.67,	8414,	15028,	17847,	32875
187,	29.67,	8413,	15030,	17851,	32881
188,	29.68,	8409,	15023,	17851,	32874
189,	29.74,	8392,	15008,	17869,	32877
190,	29.74,	8391,	15004,	17867,	32871
191,	29.78,	8380,	14994,	17878,	32872
192,	29.80,	8373,	14985,	17883,	32868
193,	29.82,	8369,	14984,	17890,	32874
194,	29.85,	8357,	14971,	17901,	32872
195,	29.89,	8346,	14963,	17915,	32878
196,	29.89,	8345,	14965,	17919,	32884
197,	29.96,	8326,	14939,	17929,	32868
198,	29.99,	8317,	14936,	17944,	32880
199,	30.02,	8308,	14921,	17945,	32866
200,	30.03,	8303,	14920,	17955,	32875
201,	30.07,	8291,	14911,	17971,	32882
202,	30.10,	8284,	14900,	17973,	32873
203,	30.13,	8275,	14890,	17980,	32870
204,	30.17,	8263,	14877,	17990,	32867
205,	30.20,	8254,	14869,	17999,	32868
206,	30.19,	8256,	14864,	17990,	32854
207,	30.25,	8238,	14850,	18012,	32862
208,	30.27,	8231,	14848,	18024,	32872
209,	30.28,	8229,	14848,	18029,	32877
210,	30.34,	8212,	14829,	18044,	32873
211,	30.37,	8203,	14821,	18054,	32875
212,	30.39,	8196,	14811,	18056,	32867
213,	30.39,	8196,	14822,	18070,	32892
214,	30.46,	8175,	14796,	18084,	32880
215,	30.48,	8168,	14779,	18080,	32859
216,	30.51,	8161,	14778,	18093,	32871
217,	30.52,	8156,	14770,	18095,	32865
218,	30.54,	8150,	14765,	18103,	32868
219,	30.60,	8133,	14751,	18123,	32874
220,	30.63,	8125,	14744,	18131,	32875
221,	30.65,	8118,	14734,	18136,	32870
222,	30.70,	8105,	14726,	18154,	32880
223,	30.72,	8098,	14715,	18157,	32872
224,	30.74,	8091,	14704,	18159,	32863
225,	30.78,	8081,	14694,	18168,	32862
226,	30.79,	8077,	14694,	18178,	32872
227,	30.80,	8074,	14691,	18180,	32871
228,	30.84,	8062,	14674,	18188,	32862
229,	30.84,	8064,	14685,	18195,	32880
230,	30.88,	8052,	14672,	18206,	32878
231,	30.92,	8040,	14658,	18217,	32875
232,	30.92,	8039,	14652,	18211,	32863
233,	30.94,	8034,	14652,	18223,	32875
234,	30.96,	8029,	14645,	18225,	32870
235,	30.98,	8021,	14633,	18228,	32861
236,	30.99,	8018,	14629,	18230,	32859
237,	31.01,	8012,	14616,	18228,	32844
238,	31.05,	8001,	14620,	18258,	32878
239,	31.06,	8000,	14601,	18236,	32837
240,	31.13,	7977,	14591,	18276,	32867
241,	31.18,	7964,	14591,	18307,	32898
242,	31.23,	7950,	14573,	18317,	32890
243,	31.24,	7948,	14567,	18314,	32881
244,	31.25,	7945,	14565,	18317,	32882
245,	31.24,	7947,	14559,	18306,	32865
246,	31.26,	7940,	14556,	18318,	32874
247,	31.27,	7939,	14553,	18317,	32870
248,	31.32,	7925,	14543,	18336,	32879
249,	31.30,	7930,	14537,	18316,	32853
250,	31.32,	7925,	14539,	18330,	32869
251,	31.36,	7913,	14528,	18344,	32872
252,	31.36,	7911,	14534,	18358,	32892
253,	31.42,	7895,	14505,	18358,	32863
254,	31.47,	7882,	14494,	18374,	32868
255,	31.48,	7878,	14491,	18379,	32870
256,	31.48,	7877,	14486,	18375,	32861
257,	31.52,	7866,	14473,	18384,	32857
258,	31.53,	7863,	14474,	18394,	32868
259,	31.55,	7859,	14472,	18400,	32872
260,	31.58,	7848,	14459,	18409,	32868
261,	31.62,	7837,	14446,	18418,	32864
262,	31.63,	7834,	14446,	18426,	32872
263,	31.67,	7823,	14437,	18440,	32877
264,	31.68,	7821,	14434,	18441,	32875
265,	31.72,	7810,	14427,	18457,	32884
266,	31.68,	7820,	14444,	18455,	32899
267,	31.73,	7807,	14408,	18440,	32848
268,	31.79,	7791,	14401,	18470,	32871
269,	31.79,	7790,	14402,	18472,	32874
270,	31.80,	7788,	14395,	18468,	32863
271,	31.79,	7791,	14394,	18460,	32854
272,	31.86,	7771,	14384,	18496,	32880
273,	31.86,	7769,	14381,	18497,	32878
274,	31.88,	7764,	14374,	18499,	32873
275,	31.92,	7754,	14368,	18514,	32882
276,	31.94,	7748,	14360,	18519,	32879
277,	31.95,	7744,	14353,	18519,	32872
278,	32.00,	7731,	14333,	18524,	32857
279,	31.97,	7739,	14345,	18521,	32866
280,	31.99,	7734,	14344,	18532,	32876
281,	32.06,	7714,	14314,	18542,	32856
282,	32.05,	7718,	14316,	18535,	32851
283,	32.03,	7723,	14320,	18527,	32847
284,	32.14,	7692,	14297,	18571,	32868
285,	32.10,	7704,	14315,	18566,	32881
286,	32.15,	7690,	14301,	18583,	32884
287,	32.17,	7684,	14285,	18575,	32860
288,	32.20,	7677,	14277,	18583,	32860
289,	32.21,	7674,	14285,	18600,	32885
290,	32.22,	7670,	14266,	18584,	32850
291,	32.27,	7656,	14257,	18607,	32864
292,	32.20,	7676,	14288,	18599,	32887
293,	32.27,	7655,	14255,	18608,	32863
294,	32.33,	7639,	14242,	18628,	32870
295,	32.26,	7658,	14250,	18594,	32844
296,	32.39,	7622,	14210,	18628,	32838
297,	32.37,	7628,	14227,	18636,	32863
298,	32.39,	7624,	14223,	18641,	32864
299,	32.42,	7616,	14216,	18650,	32866
300,	32.42,	7614,	14207,	18645,	32852
301,	32.43,	7611,	14206,	18651,	32857
302,	32.50,	7593,	14201,	18687,	32888
303,	32.51,	7591,	14191,	18680,	32871
304,	32.51,	7590,	14183,	18672,	32855
305,	32.53,	7584,	14180,	18683,	32863
306,	32.56,	7577,	14174,	18691,	32865
307,	32.55,	7580,	14176,	18688,	32864
308,	32.59,	7569,	14163,	18696,	32859
309,	32.61,	7562,	14151,	18699,	32850
310,	32.62,	7561,	14154,	18706,	32860
311,	32.67,	7548,	14142,	18721,	32863
312,	32.69,	7542,	14134,	18725,	32859
313,	32.68,	7543,	14133,	18722,	32855
314,	32.70,	7539,	14128,	18726,	32854
315,	32.72,	7534,	14126,	18735,	32861
316,	32.68,	7545,	14132,	18715,	32847
317,	32.73,	7531,	14119,	18734,	32853
318,	32.72,	7534,	14112,	18715,	32827
319,	32.74,	7528,	14121,	18744,	32865
320,	32.78,	7517,	14109,	18754,	32863
321,	32.74,	7527,	14104,	18724,	32828
322,	32.80,	7511,	14100,	18757,	32857
323,	32.84,	7502,	14093,	18770,	32863
324,	32.83,	7504,	14094,	18766,	32860
325,	32.85,	7497,	14091,	18780,	32871
326,	32.85,	7497,	14083,	18771,	32854
327,	32.84,	7502,	14092,	18770,	32862
328,	32.90,	7486,	14081,	18794,	32875
329,	32.90,	7486,	14074,	18785,	32859
330,	32.91,	7483,	14071,	18788,	32859
331,	32.93,	7478,	14066,	18794,	32860
332,	32.93,	7477,	14062,	18791,	32853
333,	32.94,	7474,	14057,	18792,	32849
334,	32.97,	7466,	14049,	18802,	32851
335,	32.99,	7460,	14049,	18817,	32866
336,	33.01,	7455,	14041,	18819,	32860
337,	33.05,	7444,	14031,	18833,	32864
338,	33.06,	7442,	14030,	18837,	32867
339,	33.11,	7428,	14021,	18861,	32882
340,	33.07,	7438,	14012,	18823,	32835
341,	33.12,	7427,	14012,	18852,	32864
342,	33.15,	7417,	14000,	18861,	32861
343,	33.19,	7408,	13988,	18866,	32854
344,	33.18,	7409,	13989,	18867,	32856
345,	33.21,	7401,	13977,	18870,	32847
346,	33.24,	7394,	13979,	18892,	32871
347,	33.23,	7397,	13980,	18884,	32864
348,	33.24,	7394,	13976,	18886,	32862
349,	33.25,	7391,	13974,	18891,	32865
350,	33.21,	7401,	13991,	18888,	32879
351,	33.26,	7389,	13980,	18904,	32884
352,	33.26,	7389,	13967,	18888,	32855
353,	33.26,	7388,	13968,	18892,	32860
354,	33.29,	7380,	13959,	18900,	32859
355,	33.31,	7376,	13956,	18906,	32862
356,	33.30,	7378,	13954,	18899,	32853
357,	33.32,	7372,	13950,	18909,	32859
358,	33.35,	7365,	13939,	18911,	32850
359,	33.38,	7357,	13933,	18922,	32855
360,	33.35,	7366,	13947,	18918,	32865
361,	33.35,	7364,	13940,	18916,	32856
362,	33.39,	7354,	13931,	18929,	32860
363,	33.39,	7354,	13931,	18927,	32858
364,	33.38,	7356,	13921,	18910,	32831
365,	33.46,	7336,	13904,	18939,	32843
366,	33.44,	7342,	13916,	18938,	32854
367,	33.48,	7332,	13909,	18954,	32863
368,	33.48,	7330,	13900,	18947,	32847
369,	33.49,	7329,	13901,	18952,	32853
370,	33.46,	7336,	13901,	18935,	32836
371,	33.49,	7329,	13894,	18943,	32837
372,	33.55,	7313,	13886,	18973,	32859
373,	33.55,	7313,	13877,	18960,	32837
374,	33.59,	7302,	13876,	18989,	32865
375,	33.63,	7291,	13859,	18994,	32853
376,	33.61,	7297,	13867,	18989,	32856
377,	33.62,	7294,	13865,	18993,	32858
378,	33.65,	7287,	13853,	18995,	32848
379,	33.65,	7287,	13852,	18994,	32846
380,	33.66,	7283,	13848,	19000,	32848
381,	33.67,	7282,	13851,	19005,	32856
382,	33.70,	7274,	13838,	19008,	32846
383,	33.69,	7275,	13841,	19011,	32852
384,	33.72,	7269,	13836,	19019,	32855
385,	33.74,	7262,	13828,	19026,	32854
386,	33.78,	7253,	13815,	19033,	32848
387,	33.76,	7258,	13825,	19032,	32857
388,	33.75,	7260,	13819,	19018,	32837
389,	33.82,	7243,	13806,	19047,	32853
390,	33.79,	7250,	13806,	19028,	32834
391,	33.82,	7241,	13806,	19050,	32856
392,	33.87,	7228,	13789,	19062,	32851
393,	33.88,	7226,	13785,	19062,	32847
394,	33.86,	7233,	13796,	19058,	32854
395,	33.88,	7226,	13789,	19068,	32857
396,	33.93,	7215,	13775,	19077,	32852
397,	33.88,	7226,	13787,	19064,	32851
398,	33.92,	7217,	13781,	19080,	32861
399,	33.91,	7218,	13774,	19068,	32842
400,	33.91,	7218,	13778,	19072,	32850
401,	33.87,	7229,	13785,	19055,	32840
402,	33.94,	7210,	13767,	19079,	32846
403,	33.93,	7214,	13778,	19085,	32863
404,	33.97,	7203,	13773,	19105,	32878
405,	33.96,	7207,	13767,	19087,	32854
406,	34.01,	7194,	13757,	19107,	32864
407,	33.98,	7200,	13758,	19094,	32852
408,	34.02,	7191,	13751,	19106,	32857
409,	34.06,	7180,	13735,	19114,	32849
410,	34.03,	7188,	13748,	19111,	32859
411,	34.05,	7182,	13737,	19113,	32850
412,	34.08,	7174,	13726,	19119,	32845
413,	34.07,	7178,	13738,	19123,	32861
414,	34.08,	7175,	13732,	19124,	32856
415,	34.13,	7162,	13714,	19133,	32847
416,	34.11,	7167,	13723,	19132,	32855
417,	34.17,	7152,	13697,	19135,	32832
418,	34.17,	7153,	13701,	19139,	32840
419,	34.16,	7155,	13713,	19149,	32862
420,	34.18,	7150,	13703,	19151,	32854
421,	34.21,	7142,	13691,	19154,	32845
422,	34.20,	7145,	13699,	19158,	32857
423,	34.25,	7131,	13677,	19165,	32842
424,	34.27,	7127,	13678,	19176,	32854
425,	34.27,	7128,	13678,	19173,	32851
426,	34.27,	7126,	13676,	19175,	32851
427,	34.30,	7119,	13666,	19181,	32847
428,	34.29,	7122,	13670,	19179,	32849
429,	34.30,	7119,	13668,	19184,	32852
430,	34.28,	7124,	13675,	19180,	32855
431,	34.28,	7125,	13676,	19178,	32854
432,	34.27,	7128,	13686,	19185,	32871
433,	34.28,	7125,	13672,	19174,	32846
434,	34.29,	7121,	13667,	19178,	32845
435,	34.27,	7128,	13680,	19176,	32856
436,	34.31,	7116,	13656,	19176,	32832
437,	34.31,	7117,	13666,	19186,	32852
438,	34.31,	7117,	13663,	19182,	32845
439,	34.37,	7102,	13647,	19200,	32847
440,	34.45,	7080,	13635,	19242,	32877
441,	34.43,	7087,	13631,	19218,	32849
442,	34.41,	7092,	13632,	19205,	32837
443,	34.43,	7087,	13632,	19219,	32851
444,	34.44,	7084,	13630,	19225,	32855
445,	34.44,	7083,	13626,	19223,	32849
446,	34.46,	7079,	13614,	19216,	32830
447,	34.53,	7062,	13601,	19243,	32844
448,	34.53,	7062,	13593,	19232,	32825
449,	34.53,	7061,	13601,	19247,	32848
450,	34.56,	7053,	13591,	19254,	32845
451,	34.59,	7046,	13584,	19264,	32848
452,	34.61,	7042,	13583,	19272,	32855
453,	34.66,	7029,	13560,	19276,	32836
454,	34.67,	7027,	13564,	19288,	32852
455,	34.68,	7024,	13561,	19291,	32852
456,	34.70,	7019,	13556,	19297,	32853
457,	34.69,	7021,	13560,	19298,	32858
458,	34.70,	7019,	13558,	19300,	32858
459,	34.70,	7018,	13554,	19298,	32852
460,	34.72,	7014,	13552,	19306,	32858
461,	34.73,	7012,	13544,	19299,	32843
462,	34.69,	7020,	13555,	19295,	32850
463,	34.67,	7027,	13566,	19291,	32857
464,	34.65,	7031,	13571,	19286,	32857
465,	34.67,	7027,	13562,	19285,	32847
466,	34.66,	7029,	13565,	19283,	32848
467,	34.61,	7042,	13573,	19259,	32832
468,	34.66,	7028,	13558,	19277,	32835
469,	34.65,	7030,	13565,	19281,	32846
470,	34.68,	7024,	13556,	19284,	32840
471,	34.66,	7028,	13563,	19283,	32846
472,	34.69,	7022,	13557,	19291,	32848
473,	34.74,	7008,	13543,	19310,	32853
474,	34.75,	7006,	13541,	19312,	32853
475,	34.76,	7003,	13534,	19311,	32845
476,	34.77,	7001,	13524,	19302,	32826
477,	34.79,	6996,	13530,	19324,	32854
478,	34.78,	6999,	13533,	19319,	32852
479,	34.81,	6990,	13518,	19323,	32841
480,	34.85,	6981,	13514,	19344,	32858
481,	34.87,	6977,	13509,	19348,	32857
482,	34.89,	6970,	13495,	19347,	32842
483,	34.82,	6989,	13512,	19319,	32831
484,	34.89,	6971,	13498,	19347,	32845
485,	34.89,	6972,	13505,	19355,	32860
486,	34.89,	6970,	13496,	19347,	32843
487,	34.87,	6975,	13502,	19341,	32843
488,	34.89,	6970,	13496,	19348,	32844
489,	34.92,	6963,	13494,	19364,	32858
490,	34.94,	6960,	13480,	19353,	32833
491,	34.89,	6970,	13495,	19345,	32840
492,	34.89,	6971,	13499,	19349,	32848
493,	34.91,	6967,	13497,	19356,	32853
494,	34.89,	6970,	13496,	19348,	32844
495,	34.87,	6976,	13502,	19340,	32842
496,	34.88,	6974,	13502,	19345,	32847
497,	34.85,	6980,	13507,	19335,	32842
498,	34.86,	6979,	13517,	19352,	32869
499,	34.87,	6977,	13521,	19363,	32884
500,	34.86,	6978,	13508,	19342,	32850
501,	34.87,	6975,	13504,	19344,	32848
502,	34.90,	6968,	13493,	19348,	32841
503,	34.94,	6960,	13487,	19362,	32849
504,	34.94,	6960,	13480,	19352,	32832
505,	35.00,	6944,	13461,	19369,	32830
506,	34.98,	6950,	13474,	19372,	32846
507,	34.99,	6947,	13470,	19374,	32844
508,	34.97,	6952,	13480,	19374,	32854
509,	34.99,	6947,	13469,	19374,	32843
510,	35.04,	6935,	13461,	19394,	32855
511,	35.02,	6939,	13458,	19378,	32836
512,	35.05,	6931,	13454,	19397,	32851
513,	35.07,	6926,	13447,	19400,	32847
514,	35.03,	6937,	13448,	19370,	32818
515,	35.08,	6925,	13451,	19407,	32858
516,	35.06,	6929,	13455,	19402,	32857
517,	35.01,	6941,	13473,	19394,	32867
518,	35.12,	6915,	13426,	19401,	32827
519,	35.11,	6918,	13435,	19406,	32841
520,	35.09,	6921,	13443,	19408,	32851
521,	35.14,	6909,	13432,	19425,	32857
522,	35.16,	6905,	13423,	19423,	32846
523,	35.19,	6898,	13422,	19443,	32865
524,	35.17,	6902,	13418,	19425,	32843
525,	35.22,	6890,	13409,	19447,	32856
526,	35.21,	6893,	13409,	19437,	32846
527,	35.24,	6886,	13409,	19457,	32866
528,	35.28,	6876,	13393,	19462,	32855
529,	35.29,	6873,	13393,	19471,	32864
530,	35.31,	6869,	13389,	19475,	32864
531,	35.37,	6853,	13364,	19485,	32849
532,	35.33,	6863,	13379,	19479,	32858
533,	35.32,	6866,	13385,	19480,	32865
534,	35.33,	6862,	13381,	19485,	32866
535,	35.33,	6864,	13384,	19483,	32867
536,	35.33,	6863,	13383,	19486,	32869
537,	35.25,	6883,	13401,	19455,	32856
538,	35.37,	6854,	13357,	19473,	32830
539,	35.34,	6861,	13382,	19489,	32871
540,	35.32,	6866,	13392,	19488,	32880
541,	35.29,	6872,	13393,	19473,	32866
542,	35.33,	6864,	13385,	19485,	32870
543,	35.33,	6863,	13383,	19485,	32868
544,	35.29,	6873,	13382,	19455,	32837
545,	35.35,	6858,	13375,	19488,	32863
546,	35.33,	6864,	13382,	19481,	32863
547,	35.37,	6854,	13370,	19490,	32860
548,	35.36,	6856,	13375,	19493,	32868
549,	35.38,	6852,	13375,	19505,	32880
550,	35.38,	6850,	13368,	19499,	32867
551,	35.42,	6841,	13360,	19513,	32873
552,	35.40,	6847,	13358,	19494,	32852
553,	35.42,	6841,	13359,	19512,	32871
554,	35.43,	6839,	13355,	19511,	32866
555,	35.50,	6823,	13334,	19528,	32862
556,	35.46,	6832,	13350,	19525,	32875
557,	35.48,	6827,	13342,	19528,	32870
558,	35.50,	6822,	13339,	19537,	32876
559,	35.50,	6821,	13331,	19529,	32860
560,	35.50,	6823,	13334,	19528,	32862
561,	35.52,	6818,	13331,	19537,	32868
562,	35.49,	6825,	13337,	19527,	32864
563,	35.48,	6828,	13340,	19521,	32861
564,	35.48,	6827,	13343,	19530,	32873
565,	35.48,	6828,	13344,	19527,	32871
566,	35.44,	6836,	13354,	19518,	32872
567,	35.46,	6832,	13352,	19529,	32881
568,	35.46,	6832,	13350,	19526,	32876
569,	35.43,	6838,	13358,	19519,	32877
570,	35.42,	6842,	13361,	19512,	32873
571,	35.42,	6841,	13359,	19511,	32870
572,	35.42,	6842,	13353,	19500,	32853
573,	35.43,	6840,	13359,	19516,	32875
574,	35.42,	6841,	13362,	19516,	32878
575,	35.44,	6836,	13351,	19516,	32867
576,	35.43,	6840,	13354,	19507,	32861
577,	35.45,	6834,	13350,	19520,	32870
578,	35.50,	6821,	13331,	19528,	32859
579,	35.52,	6817,	13325,	19531,	32856
580,	35.52,	6818,	13329,	19535,	32864
581,	35.55,	6810,	13322,	19546,	32868
582,	35.60,	6798,	13300,	19549,	32849
583,	35.55,	6810,	13320,	19544,	32864
584,	35.60,	6797,	13299,	19551,	32850
585,	35.62,	6792,	13293,	19557,	32850
586,	35.59,	6800,	13308,	19556,	32864
587,	35.62,	6793,	13306,	19572,	32878
588,	35.65,	6786,	13300,	19584,	32884
589,	35.68,	6778,	13276,	19570,	32846
590,	35.61,	6795,	13307,	19568,	32875
591,	35.73,	6767,	13255,	19572,	32827
592,	35.68,	6778,	13275,	19571,	32846
593,	35.71,	6771,	13264,	19573,	32837
594,	35.73,	6766,	13260,	19582,	32842
595,	35.70,	6774,	13261,	19562,	32823
596,	35.77,	6758,	13253,	19594,	32847
597,	35.78,	6755,	13247,	19596,	32843
598,	35.80,	6751,	13244,	19601,	32845
599,	35.85,	6737,	13221,	19609,	32830
600,	35.83,	6742,	13242,	19624,	32866
601,	35.82,	6746,	13238,	19607,	32845
602,	35.80,	6749,	13240,	19603,	32843
603,	35.77,	6756,	13249,	19595,	32844
604,	35.77,	6757,	13251,	19596,	32847
605,	35.75,	6761,	13256,	19590,	32846
606,	35.77,	6757,	13259,	19608,	32867
607,	35.78,	6754,	13247,	19597,	32844
608,	35.80,	6750,	13241,	19600,	32841
609,	35.79,	6752,	13248,	19605,	32853
610,	35.86,	6736,	13232,	19629,	32861
611,	35.83,	6742,	13228,	19605,	32833
612,	35.84,	6741,	13233,	19614,	32847
613,	35.88,	6732,	13221,	19623,	32844
614,	35.84,	6740,	13233,	19618,	32851
615,	35.87,	6733,	13223,	19623,	32846
616,	35.86,	6735,	13223,	19619,	32842
617,	35.92,	6721,	13196,	19619,	32815
618,	35.89,	6729,	13223,	19636,	32859
619,	35.86,	6736,	13224,	19615,	32839
620,	35.84,	6741,	13230,	19611,	32841
621,	35.83,	6742,	13236,	19616,	32852
622,	35.90,	6726,	13202,	19613,	32815
623,	35.83,	6743,	13235,	19611,	32846
624,	35.82,	6746,	13237,	19606,	32843
625,	35.84,	6741,	13234,	19615,	32849
626,	35.82,	6746,	13237,	19607,	32844
627,	35.84,	6740,	13232,	19617,	32849
628,	35.89,	6729,	13218,	19629,	32847
629,	35.94,	6717,	13197,	19632,	32829
630,	35.93,	6720,	13206,	19636,	32842
631,	35.98,	6706,	13189,	19653,	32842
632,	35.98,	6706,	13194,	19659,	32853
633,	36.00,	6703,	13185,	19654,	32839
634,	36.00,	6702,	13180,	19651,	32831
635,	35.95,	6715,	13191,	19628,	32819
636,	36.05,	6691,	13183,	19687,	32870
637,	35.98,	6708,	13198,	19659,	32857
638,	35.98,	6706,	13188,	19650,	32838
639,	35.98,	6708,	13191,	19648,	32839
640,	35.93,	6720,	13205,	19635,	32840
641,	35.96,	6713,	13199,	19647,	32846
642,	35.95,	6714,	13200,	19646,	32846
643,	35.98,	6707,	13192,	19652,	32844
644,	35.98,	6706,	13193,	19658,	32851
645,	36.03,	6695,	13180,	19672,	32852
646,	36.03,	6695,	13177,	19667,	32844
647,	36.07,	6687,	13168,	19675,	32843
648,	36.12,	6675,	13153,	19689,	32842
649,	36.08,	6683,	13165,	19683,	32848
650,	36.09,	6681,	13162,	19685,	32847
651,	36.07,	6685,	13167,	19682,	32849
652,	36.04,	6693,	13174,	19667,	32841
653,	36.01,	6699,	13183,	19663,	32846
654,	35.98,	6707,	13183,	19640,	32823
655,	36.01,	6699,	13183,	19662,	32845
656,	35.98,	6706,	13190,	19654,	32844
657,	36.00,	6703,	13187,	19658,	32845
658,	36.04,	6692,	13174,	19670,	32844
659,	36.05,	6690,	13173,	19676,	32849
660,	36.08,	6684,	13163,	19679,	32842
661,	36.07,	6685,	13158,	19667,	32825
662,	36.07,	6687,	13172,	19683,	32855
663,	36.06,	6688,	13164,	19667,	32831
664,	36.07,	6687,	13166,	19674,	32840
665,	36.04,	6693,	13176,	19671,	32847
666,	36.02,	6698,	13180,	19663,	32843
667,	36.04,	6693,	13175,	19668,	32843
668,	36.07,	6687,	13166,	19674,	32840
669,	36.03,	6696,	13180,	19669,	32849
670,	36.02,	6697,	13177,	19659,	32836
671,	36.04,	6694,	13174,	19666,	32840
672,	36.05,	6691,	13175,	19676,	32851
673,	36.01,	6699,	13175,	19650,	32825
674,	36.03,	6695,	13174,	19662,	32836
675,	36.00,	6703,	13195,	19670,	32865
676,	36.06,	6688,	13167,	19673,	32840
677,	36.05,	6691,	13175,	19674,	32849
678,	36.05,	6690,	13174,	19677,	32851
679,	36.07,	6686,	13159,	19665,	32824
680,	36.07,	6686,	13166,	19676,	32842
681,	36.05,	6690,	13172,	19673,	32845
682,	36.07,	6685,	13164,	19677,	32841
683,	36.12,	6675,	13155,	19691,	32846
684,	36.08,	6683,	13163,	19681,	32844
685,	36.10,	6679,	13158,	19684,	32842
686,	36.12,	6674,	13146,	19681,	32827
687,	36.09,	6680,	13158,	19683,	32841
688,	36.15,	6666,	13136,	19689,	32825
689,	36.13,	6671,	13146,	19690,	32836
690,	36.17,	6663,	13142,	19708,	32850
691,	36.08,	6684,	13180,	19703,	32883
692,	36.16,	6664,	13141,	19703,	32844
693,	36.18,	6659,	13135,	19708,	32843
694,	36.19,	6657,	13126,	19702,	32828
695,	36.21,	6653,	13128,	19716,	32844
696,	36.22,	6651,	13125,	19718,	32843
697,	36.21,	6653,	13129,	19717,	32846
698,	36.22,	6650,	13122,	19718,	32840
699,	36.22,	6651,	13126,	19721,	32847
700,	36.15,	6666,	13135,	19689,	32824
701,	36.18,	6660,	13133,	19703,	32836
702,	36.16,	6664,	13138,	19699,	32837
703,	36.17,	6663,	13136,	19699,	32835
704,	36.10,	6679,	13168,	19701,	32869
705,	36.15,	6668,	13148,	19701,	32849
706,	36.17,	6663,	13135,	19697,	32832
707,	36.15,	6667,	13141,	19696,	32837
708,	36.19,	6658,	13136,	19713,	32849
709,	36.23,	6649,	13128,	19729,	32857
710,	36.21,	6652,	13128,	19720,	32848
711,	36.25,	6644,	13114,	19723,	32837
712,	36.27,	6639,	13113,	19737,	32850
713,	36.24,	6646,	13118,	19723,	32841
714,	36.28,	6636,	13118,	19753,	32871
715,	36.23,	6648,	13129,	19734,	32863
716,	36.25,	6643,	13116,	19728,	32844
717,	36.25,	6643,	13117,	19729,	32846
718,	36.27,	6638,	13104,	19724,	32828
719,	36.23,	6649,	13125,	19725,	32850
720,	36.25,	6643,	13116,	19727,	32843
721,	36.26,	6642,	13116,	19732,	32848
722,	36.25,	6644,	13118,	19727,	32845
723,	36.25,	6644,	13118,	19728,	32846
724,	36.24,	6646,	13120,	19724,	32844
725,	36.25,	6644,	13117,	19726,	32843
726,	36.28,	6637,	13110,	19736,	32846
727,	36.27,	6638,	13109,	19733,	32842
728,	36.27,	6639,	13110,	19732,	32842
729,	36.29,	6633,	13104,	19739,	32843
730,	36.29,	6634,	13109,	19745,	32854
731,	36.31,	6630,	13100,	19744,	32844
732,	36.36,	6618,	13083,	19753,	32836
733,	36.33,	6625,	13098,	19756,	32854
734,	36.32,	6626,	13094,	19745,	32839
735,	36.32,	6627,	13093,	19741,	32834
736,	36.32,	6628,	13097,	19745,	32842
737,	36.29,	6635,	13105,	19736,	32841
738,	36.27,	6638,	13109,	19733,	32842
739,	36.31,	6629,	13094,	19738,	32832
740,	36.29,	6635,	13104,	19733,	32837
741,	36.30,	6631,	13096,	19734,	32830
742,	36.34,	6622,	13089,	19749,	32838
743,	36.35,	6620,	13085,	19751,	32836
744,	36.38,	6612,	13079,	19766,	32845
745,	36.39,	6610,	13069,	19757,	32826
746,	36.38,	6614,	13082,	19763,	32845
747,	36.39,	6610,	13067,	19752,	32819
748,	36.43,	6602,	13067,	19778,	32845
749,	36.37,	6616,	13079,	19754,	32833
750,	36.41,	6605,	13070,	19773,	32843
751,	36.42,	6604,	13067,	19771,	32838
752,	36.37,	6616,	13087,	19766,	32853
753,	36.38,	6612,	13079,	19764,	32843
754,	36.35,	6620,	13088,	19754,	32842
755,	36.36,	6617,	13087,	19762,	32849
756,	36.36,	6618,	13085,	19755,	32840
757,	36.40,	6609,	13071,	19762,	32833
758,	36.41,	6605,	13070,	19771,	32841
759,	36.38,	6612,	13073,	19756,	32829
760,	36.40,	6609,	13075,	19767,	32842
761,	36.41,	6607,	13070,	19767,	32837
762,	36.38,	6613,	13077,	19759,	32836
763,	36.39,	6611,	13072,	19758,	32830
764,	36.40,	6608,	13071,	19766,	32837
765,	36.37,	6616,	13079,	19753,	32832
766,	36.38,	6613,	13077,	19760,	32837
767,	36.36,	6617,	13084,	19758,	32842
768,	36.38,	6613,	13070,	19748,	32818
769,	36.35,	6619,	13083,	19751,	32834
770,	36.41,	6606,	13068,	19765,	32833
771,	36.38,	6612,	13079,	19766,	32845
772,	36.35,	6620,	13089,	19756,	32845
773,	36.38,	6614,	13080,	19759,	32839
774,	36.37,	6615,	13080,	19758,	32838
775,	36.41,	6606,	13075,	19777,	32852
776,	36.44,	6599,	13063,	19779,	32842
777,	36.39,	6611,	13086,	19778,	32864
778,	36.44,	6599,	13060,	19776,	32836
779,	36.47,	6592,	13057,	19792,	32849
780,	36.47,	6592,	13054,	19786,	32840
781,	36.44,	6599,	13073,	19794,	32867
782,	36.51,	6582,	13043,	19799,	32842
783,	36.51,	6582,	13039,	19795,	32834
784,	36.51,	6582,	13042,	19798,	32840
785,	36.51,	6582,	13048,	19808,	32856
786,	36.53,	6579,	13042,	19808,	32850
787,	36.54,	6576,	13034,	19804,	32838
788,	36.53,	6579,	13039,	19802,	32841
789,	36.48,	6591,	13040,	19770,	32810
790,	36.52,	6581,	13042,	19802,	32844
791,	36.54,	6577,	13033,	19799,	32832
792,	36.51,	6584,	13039,	19787,	32826
793,	36.51,	6584,	13041,	19792,	32833
794,	36.50,	6586,	13040,	19785,	32825
795,	36.49,	6588,	13048,	19789,	32837
796,	36.45,	6597,	13067,	19791,	32858
797,	36.52,	6581,	13042,	19803,	32845
798,	36.47,	6592,	13051,	19783,	32834
799,	36.46,	6594,	13060,	19790,	32850
800,	36.46,	6595,	13052,	19775,	32827
801,	36.49,	6587,	13045,	19789,	32834
802,	36.46,	6594,	13057,	19785,	32842
803,	36.46,	6595,	13059,	19785,	32844
804,	36.49,	6588,	13049,	19792,	32841
805,	36.50,	6586,	13053,	19804,	32857
806,	36.48,	6591,	13050,	19784,	32834
807,	36.51,	6584,	13044,	19797,	32841
808,	36.50,	6586,	13034,	19775,	32809
809,	36.54,	6576,	13029,	19798,	32827
810,	36.53,	6578,	13036,	19802,	32838
811,	36.54,	6576,	13033,	19802,	32835
812,	36.54,	6577,	13037,	19806,	32843
813,	36.51,	6582,	13043,	19799,	32842
814,	36.53,	6578,	13042,	19812,	32854
815,	36.49,	6587,	13052,	19799,	32851
816,	36.49,	6588,	13053,	19796,	32849
817,	36.47,	6593,	13056,	19786,	32842
818,	36.47,	6593,	13056,	19788,	32844
819,	36.47,	6592,	13056,	19790,	32846
820,	36.45,	6596,	13058,	19782,	32840
821,	36.45,	6596,	13060,	19784,	32844
822,	36.48,	6590,	13052,	19791,	32843
823,	36.50,	6585,	13043,	19791,	32834
824,	36.45,	6596,	13045,	19761,	32806
825,	36.50,	6585,	13054,	19807,	32861
826,	36.49,	6587,	13038,	19778,	32816
827,	36.55,	6574,	13028,	19802,	32830
828,	36.54,	6576,	13033,	19803,	32836
829,	36.57,	6569,	13025,	19812,	32837
830,	36.58,	6566,	13020,	19813,	32833
831,	36.54,	6577,	13042,	19813,	32855
832,	36.55,	6574,	13035,	19811,	32846
833,	36.57,	6568,	13025,	19816,	32841
834,	36.60,	6563,	13018,	19819,	32837
835,	36.57,	6569,	13028,	19818,	32846
836,	36.54,	6575,	13025,	19795,	32820
837,	36.59,	6564,	13021,	19821,	32842
838,	36.56,	6572,	13029,	19809,	32838
839,	36.55,	6573,	13033,	19812,	32845
840,	36.60,	6562,	13017,	19821,	32838
841,	36.58,	6566,	13021,	19816,	32837
842,	36.59,	6565,	13020,	19816,	32836
843,	36.60,	6562,	13017,	19820,	32837
844,	36.57,	6568,	13028,	19821,	32849
845,	36.57,	6570,	13027,	19812,	32839
846,	36.54,	6575,	13036,	19812,	32848
847,	36.55,	6573,	13031,	19809,	32840
848,	36.63,	6555,	13018,	19844,	32862
849,	36.55,	6574,	13030,	19806,	32836
850,	36.60,	6563,	13009,	19807,	32816
851,	36.56,	6571,	13031,	19816,	32847
852,	36.58,	6567,	13027,	19822,	32849
853,	36.59,	6565,	13021,	19817,	32838
854,	36.64,	6553,	13010,	19838,	32848
855,	36.63,	6554,	13013,	19840,	32853
856,	36.60,	6562,	13012,	19813,	32825
857,	36.62,	6557,	13015,	19834,	32849
858,	36.65,	6550,	13003,	19837,	32840
859,	36.60,	6562,	13017,	19822,	32839
860,	36.53,	6579,	13029,	19788,	32817
861,	36.63,	6555,	13009,	19831,	32840
862,	36.67,	6545,	13011,	19862,	32873
863,	36.65,	6551,	13006,	19839,	32845
864,	36.66,	6548,	13003,	19842,	32845
865,	36.68,	6544,	12990,	19835,	32825
866,	36.66,	6549,	13003,	19839,	32842
867,	36.65,	6551,	13006,	19839,	32845
868,	36.68,	6543,	12994,	19844,	32838
869,	36.69,	6542,	12989,	19838,	32827
870,	36.67,	6547,	12995,	19832,	32827
871,	36.70,	6539,	12990,	19851,	32841
872,	36.71,	6536,	12987,	19855,	32842
873,	36.70,	6538,	12986,	19847,	32833
874,	36.71,	6536,	12986,	19852,	32838
875,	36.67,	6545,	13008,	19858,	32866
876,	36.72,	6535,	12980,	19845,	32825
877,	36.73,	6533,	12992,	19870,	32862
878,	36.70,	6539,	12992,	19852,	32844
879,	36.69,	6542,	12992,	19844,	32836
880,	36.69,	6541,	12991,	19846,	32837
881,	36.76,	6525,	12981,	19877,	32858
882,	36.68,	6543,	12994,	19844,	32838
883,	36.69,	6542,	12997,	19851,	32848
884,	36.70,	6539,	12988,	19847,	32835
885,	36.63,	6555,	13012,	19834,	32846
886,	36.62,	6557,	13014,	19833,	32847
887,	36.62,	6558,	13015,	19829,	32844
888,	36.60,	6561,	13017,	19825,	32842
889,	36.63,	6555,	13005,	19824,	32829
890,	36.62,	6557,	13020,	19842,	32862
891,	36.56,	6572,	13030,	19811,	32841
892,	36.60,	6563,	13019,	19820,	32839
893,	36.58,	6566,	13027,	19824,	32851
894,	36.60,	6561,	13014,	19821,	32835
895,	36.66,	6549,	13000,	19835,	32835
896,	36.69,	6541,	12992,	19847,	32839
897,	36.65,	6550,	13005,	19838,	32843
898,	36.65,	6550,	13001,	19834,	32835
899,	36.69,	6541,	12992,	19847,	32839
900,	36.67,	6546,	13001,	19844,	32845
901,	36.67,	6545,	13002,	19851,	32853
902,	36.68,	6544,	13005,	19858,	32863
903,	36.69,	6542,	12992,	19844,	32836
904,	36.73,	6533,	12981,	19855,	32836
905,	36.71,	6536,	12986,	19853,	32839
906,	36.70,	6540,	12992,	19849,	32841
907,	36.70,	6538,	12981,	19838,	32819
908,	36.71,	6536,	12985,	19852,	32837
909,	36.70,	6539,	12991,	19850,	32841
910,	36.66,	6548,	12991,	19823,	32814
911,	36.73,	6533,	12988,	19866,	32854
912,	36.72,	6535,	12992,	19864,	32856
913,	36.71,	6536,	12982,	19846,	32828
914,	36.71,	6537,	12986,	19848,	32834
915,	36.69,	6542,	12987,	19836,	32823
916,	36.67,	6545,	12987,	19828,	32815
917,	36.73,	6532,	12980,	19854,	32834
918,	36.71,	6537,	12986,	19850,	32836
919,	36.66,	6548,	13012,	19855,	32867
920,	36.78,	6521,	12967,	19868,	32835
921,	36.77,	6523,	12968,	19864,	32832
922,	36.78,	6520,	12968,	19873,	32841
923,	36.81,	6513,	12958,	19881,	32839
924,	36.77,	6524,	12975,	19871,	32846
925,	36.77,	6524,	12970,	19866,	32836
926,	36.78,	6520,	12964,	19869,	32833
927,	36.77,	6523,	12973,	19872,	32845
928,	36.76,	6526,	12977,	19868,	32845
929,	36.77,	6522,	12970,	19871,	32841
930,	36.75,	6528,	12974,	19859,	32833
931,	36.75,	6527,	12979,	19868,	32847
932,	36.74,	6530,	12978,	19859,	32837
933,	36.73,	6532,	12987,	19867,	32854
934,	36.70,	6539,	12990,	19850,	32840
935,	36.71,	6537,	12986,	19848,	32834
936,	36.67,	6546,	12995,	19837,	32832
937,	36.70,	6540,	12989,	19846,	32835
938,	36.68,	6543,	12999,	19850,	32849
939,	36.72,	6535,	12989,	19861,	32850
940,	36.69,	6542,	12991,	19841,	32832
941,	36.70,	6539,	12988,	19847,	32835
942,	36.74,	6530,	12979,	19859,	32838
943,	36.71,	6536,	12989,	19856,	32845
944,	36.69,	6541,	13000,	19858,	32858
945,	36.74,	6529,	12979,	19862,	32841
946,	36.80,	6517,	12972,	19889,	32861
947,	36.74,	6529,	12979,	19864,	32843
948,	36.75,	6527,	12977,	19866,	32843
949,	36.74,	6530,	12978,	19858,	32836
950,	36.71,	6536,	12987,	19853,	32840
951,	36.73,	6531,	12978,	19855,	32833
952,	36.79,	6518,	12964,	19873,	32837
953,	36.73,	6532,	12979,	19855,	32834
954,	36.77,	6522,	12971,	19871,	32842
955,	36.80,	6515,	12960,	19877,	32837
956,	36.75,	6527,	12977,	19867,	32844
957,	36.77,	6523,	12972,	19871,	32843
958,	36.79,	6518,	12964,	19874,	32838
959,	36.77,	6524,	12974,	19871,	32845
960,	36.72,	6534,	12983,	19854,	32837
961,	36.76,	6525,	12973,	19867,	32840
962,	36.72,	6534,	12984,	19855,	32839
963,	36.73,	6533,	12984,	19859,	32843
964,	36.74,	6530,	12978,	19859,	32837
965,	36.72,	6534,	12985,	19857,	32842
966,	36.73,	6531,	12982,	19863,	32845
967,	36.71,	6536,	12985,	19851,	32836
968,	36.73,	6532,	12982,	19859,	32841
969,	36.70,	6538,	12990,	19852,	32842
970,	36.68,	6544,	13001,	19850,	32851
971,	36.71,	6536,	12984,	19849,	32833
972,	36.69,	6541,	12992,	19847,	32839
973,	36.73,	6532,	12982,	19859,	32841
974,	36.75,	6527,	12977,	19867,	32844
975,	36.74,	6530,	12978,	19859,	32837
976,	36.69,	6541,	12988,	19839,	32827
977,	36.77,	6523,	12982,	19887,	32869
978,	36.73,	6532,	12981,	19858,	32839
979,	36.75,	6527,	12976,	19865,	32841
980,	36.78,	6521,	12976,	19882,	32858
981,	36.77,	6524,	12971,	19867,	32838
982,	36.78,	6521,	12967,	19869,	32836
983,	36.78,	6520,	12964,	19868,	32832
984,	36.84,	6508,	12948,	19879,	32827
985,	36.80,	6515,	12961,	19878,	32839
986,	36.80,	6516,	12962,	19877,	32839
987,	36.80,	6515,	12963,	19880,	32843
988,	36.82,	6511,	12957,	19884,	32841
989,	36.84,	6506,	12954,	19894,	32848
990,	36.80,	6515,	12960,	19876,	32836
991,	36.86,	6502,	12937,	19882,	32819
992,	36.81,	6514,	12962,	19883,	32845
993,	36.80,	6517,	12962,	19874,	32836
994,	36.76,	6525,	12965,	19853,	32818
995,	36.80,	6516,	12962,	19878,	32840
996,	36.75,	6528,	12977,	19864,	32841
997,	36.75,	6528,	12979,	19865,	32844
998,	36.72,	6535,	12985,	19855,	32840
999,	36.70,	6540,	12993,	19851,	32844
1000,	36.69,	6542,	12993,	19846,	32839
1001,	36.73,	6533,	12980,	19852,	32832
1002,	36.73,	6532,	12981,	19856,	32837
1003,	36.73,	6533,	12982,	19857,	32839
1004,	36.78,	6520,	12968,	19875,	32843
1005,	36.76,	6525,	12974,	19868,	32842
1006,	36.76,	6525,	12973,	19865,	32838
1007,	36.75,	6528,	12975,	19861,	32836
1008,	36.76,	6525,	12973,	19867,	32840
1009,	36.77,	6524,	12969,	19864,	32833
1010,	36.79,	6518,	12965,	19874,	32839
1011,	36.81,	6513,	12954,	19875,	32829
1012,	36.76,	6526,	12970,	19858,	32828
1013,	36.80,	6517,	12964,	19876,	32840
1014,	36.84,	6508,	12945,	19876,	32821
1015,	36.81,	6514,	12961,	19881,	32842
1016,	36.83,	6510,	12953,	19880,	32833
1017,	36.82,	6512,	12955,	19878,	32833
1018,	36.76,	6525,	12983,	19881,	32864
1019,	36.83,	6510,	12955,	19885,	32840
1020,	36.82,	6512,	12958,	19882,	32840
1021,	36.80,	6515,	12957,	19873,	32830
1022,	36.80,	6515,	12963,	19881,	32844
1023,	36.75,	6527,	12968,	19851,	32819
1024,	36.76,	6526,	12977,	19870,	32847
1025,	36.74,	6530,	12986,	19871,	32857
1026,	36.81,	6513,	12954,	19874,	32828
1027,	36.77,	6523,	12969,	19865,	32834
1028,	36.84,	6506,	12952,	19891,	32843
1029,	36.87,	6501,	12944,	19895,	32839
1030,	36.84,	6506,	12949,	19887,	32836
1031,	36.84,	6508,	12954,	19890,	32844
1032,	36.85,	6504,	12946,	19889,	32835
1033,	36.83,	6510,	12947,	19873,	32820
1034,	36.84,	6508,	12952,	19887,	32839
1035,	36.81,	6513,	12953,	19873,	32826
1036,	36.84,	6507,	12947,	19881,	32828
1037,	36.86,	6503,	12947,	19894,	32841
1038,	36.87,	6500,	12940,	19893,	32833
1039,	36.87,	6500,	12941,	19893,	32834
1040,	36.86,	6502,	12946,	19894,	32840
1041,	36.87,	6501,	12944,	19894,	32838
1042,	36.89,	6496,	12937,	19900,	32837
1043,	36.87,	6499,	12945,	19901,	32846
1044,	36.86,	6503,	12944,	19889,	32833
1045,	36.83,	6509,	12945,	19872,	32817
1046,	36.87,	6500,	12945,	19900,	32845
1047,	36.78,	6521,	12971,	19875,	32846
1048,	36.78,	6521,	12967,	19869,	32836
1049,	36.78,	6521,	12970,	19874,	32844
1050,	36.75,	6528,	12977,	19863,	32840
1051,	36.75,	6528,	12974,	19859,	32833
1052,	36.77,	6523,	12967,	19862,	32829
1053,	36.77,	6522,	12966,	19864,	32830
1054,	36.80,	6516,	12962,	19878,	32840
1055,	36.79,	6518,	12960,	19868,	32828
1056,	36.80,	6516,	12966,	19884,	32850
1057,	36.84,	6507,	12946,	19879,	32825
1058,	36.88,	6498,	12942,	19901,	32843
1059,	36.92,	6488,	12932,	19915,	32847
1060,	36.91,	6492,	12932,	19903,	32835
1061,	36.91,	6492,	12933,	19906,	32839
1062,	36.91,	6492,	12936,	19911,	32847
1063,	36.89,	6496,	12937,	19898,	32835
1064,	36.87,	6499,	12940,	19895,	32835
1065,	36.91,	6492,	12928,	19897,	32825
1066,	36.84,	6508,	12939,	19866,	32805
1067,	36.85,	6505,	12947,	19888,	32835
1068,	36.85,	6505,	12946,	19887,	32833
1069,	36.87,	6499,	12944,	19902,	32846
1070,	36.93,	6487,	12919,	19898,	32817
1071,	36.86,	6503,	12947,	19892,	32839
1072,	36.87,	6499,	12944,	19902,	32846
1073,	36.84,	6506,	12946,	19882,	32828
1074,	36.87,	6499,	12939,	19892,	32831
1075,	36.90,	6494,	12938,	19906,	32844
1076,	36.84,	6506,	12946,	19884,	32830
1077,	36.89,	6495,	12941,	19909,	32850
1078,	36.91,	6492,	12933,	19906,	32839
1079,	36.84,	6507,	12958,	19898,	32856
1080,	36.88,	6497,	12939,	19900,	32839
1081,	36.89,	6496,	12936,	19899,	32835
1082,	36.90,	6493,	12932,	19900,	32832
1083,	36.88,	6498,	12939,	19897,	32836
1084,	36.90,	6494,	12934,	19902,	32836
1085,	36.87,	6499,	12931,	19880,	32811
1086,	36.92,	6488,	12923,	19901,	32824
1087,	36.90,	6494,	12934,	19901,	32835
1088,	36.92,	6489,	12930,	19910,	32840
1089,	36.89,	6495,	12937,	19902,	32839
1090,	36.86,	6502,	12947,	19897,	32844
1091,	36.88,	6497,	12937,	19897,	32834
1092,	36.81,	6513,	12956,	19878,	32834
1093,	36.80,	6515,	12960,	19877,	32837
1094,	36.83,	6509,	12954,	19887,	32841
1095,	36.83,	6509,	12950,	19880,	32830
1096,	36.84,	6508,	12955,	19889,	32844
1097,	36.86,	6502,	12945,	19893,	32838
1098,	36.87,	6499,	12932,	19882,	32814
1099,	36.85,	6504,	12951,	19896,	32847
1100,	36.84,	6506,	12948,	19887,	32835
1101,	36.86,	6502,	12942,	19890,	32832
1102,	36.86,	6502,	12945,	19892,	32837
1103,	36.85,	6504,	12948,	19892,	32840
1104,	36.90,	6494,	12931,	19896,	32827
1105,	36.87,	6499,	12942,	19898,	32840
1106,	36.88,	6498,	12935,	19891,	32826
1107,	36.93,	6487,	12924,	19907,	32831
1108,	36.91,	6491,	12929,	19903,	32832
1109,	36.91,	6492,	12931,	19903,	32834
1110,	36.91,	6491,	12932,	19907,	32839
1111,	36.92,	6488,	12929,	19913,	32842
1112,	36.93,	6486,	12934,	19924,	32858
1113,	36.90,	6493,	12938,	19910,	32848
1114,	36.94,	6485,	12924,	19913,	32837
1115,	36.91,	6491,	12930,	19905,	32835
1116,	36.92,	6489,	12934,	19915,	32849
1117,	36.94,	6484,	12922,	19912,	32834
1118,	36.94,	6485,	12922,	19910,	32832
1119,	36.90,	6493,	12935,	19906,	32841
1120,	36.89,	6495,	12944,	19913,	32857
1121,	36.85,	6504,	12944,	19886,	32830
1122,	36.84,	6507,	12956,	19895,	32851
1123,	36.80,	6517,	12955,	19863,	32818
1124,	36.88,	6497,	12940,	19901,	32841
1125,	36.91,	6492,	12934,	19907,	32841
1126,	36.88,	6497,	12938,	19899,	32837
1127,	36.90,	6493,	12930,	19898,	32828
1128,	36.91,	6491,	12931,	19907,	32838
1129,	36.91,	6490,	12928,	19904,	32832
1130,	36.85,	6505,	12949,	19890,	32839
1131,	36.84,	6506,	12943,	19877,	32820
1132,	36.87,	6499,	12943,	19899,	32842
1133,	36.88,	6497,	12941,	19902,	32843
1134,	36.86,	6503,	12942,	19886,	32828
1135,	36.94,	6485,	12918,	19905,	32823
1136,	36.92,	6489,	12932,	19912,	32844
1137,	36.92,	6489,	12931,	19912,	32843
1138,	36.93,	6486,	12926,	19914,	32840
1139,	36.91,	6490,	12930,	19908,	32838
1140,	36.92,	6488,	12928,	19911,	32839
1141,	36.91,	6490,	12934,	19912,	32846
1142,	36.90,	6493,	12937,	19909,	32846
1143,	36.93,	6487,	12924,	19907,	32831
1144,	36.91,	6490,	12934,	19912,	32846
1145,	36.89,	6496,	12938,	19901,	32839
1146,	36.92,	6488,	12926,	19907,	32833
1147,	36.94,	6485,	12924,	19914,	32838
1148,	36.90,	6494,	12939,	19910,	32849
1149,	36.91,	6491,	12932,	19907,	32839
1150,	36.91,	6492,	12933,	19906,	32839
1151,	36.87,	6499,	12929,	19877,	32806
1152,	36.88,	6497,	12939,	19899,	32838
1153,	36.88,	6497,	12941,	19901,	32842
1154,	36.91,	6492,	12932,	19903,	32835
1155,	36.90,	6493,	12933,	19901,	32834
1156,	36.87,	6500,	12941,	19892,	32833
1157,	36.90,	6494,	12942,	19912,	32854
1158,	36.91,	6491,	12929,	19901,	32830
1159,	36.93,	6487,	12930,	19916,	32846
1160,	36.88,	6498,	12940,	19899,	32839
1161,	36.88,	6497,	12940,	19901,	32841
1162,	36.93,	6487,	12928,	19914,	32842
1163,	36.92,	6488,	12934,	19918,	32852
1164,	36.94,	6483,	12921,	19916,	32837
1165,	36.99,	6472,	12910,	19930,	32840
1166,	36.95,	6481,	12927,	19931,	32858
1167,	36.96,	6479,	12906,	19904,	32810
1168,	36.98,	6476,	12912,	19922,	32834
1169,	36.97,	6478,	12912,	19917,	32829
1170,	36.95,	6481,	12918,	19915,	32833
1171,	37.01,	6467,	12894,	19921,	32815
1172,	36.98,	6476,	12913,	19923,	32836
1173,	37.00,	6470,	12915,	19946,	32861
1174,	37.00,	6471,	12908,	19930,	32838
1175,	37.01,	6467,	12909,	19944,	32853
1176,	36.95,	6482,	12925,	19925,	32850
1177,	36.92,	6488,	12926,	19907,	32833
1178,	36.93,	6487,	12933,	19922,	32855
1179,	36.89,	6496,	12936,	19897,	32833
1180,	36.85,	6504,	12946,	19890,	32836
1181,	36.89,	6495,	12941,	19909,	32850
1182,	36.91,	6490,	12933,	19911,	32844
1183,	36.91,	6492,	12934,	19907,	32841
1184,	36.93,	6486,	12925,	19912,	32837
1185,	36.90,	6494,	12929,	19894,	32823
1186,	36.95,	6481,	12919,	19919,	32838
1187,	36.96,	6479,	12916,	19919,	32835
1188,	36.94,	6485,	12924,	19913,	32837
1189,	36.95,	6482,	12918,	19912,	32830
1190,	36.95,	6482,	12920,	19916,	32836
1191,	36.91,	6490,	12933,	19913,	32846
1192,	36.96,	6480,	12910,	19907,	32817
1193,	36.96,	6479,	12914,	19916,	32830
1194,	36.98,	6476,	12915,	19926,	32841
1195,	36.98,	6475,	12911,	19924,	32835
1196,	36.99,	6473,	12912,	19932,	32844
1197,	37.03,	6464,	12896,	19936,	32832
1198,	37.03,	6464,	12897,	19937,	32834
1199,	37.01,	6467,	12905,	19938,	32843
1200,	37.03,	6463,	12896,	19939,	32835
1201,	37.03,	6464,	12897,	19935,	32832
1202,	37.01,	6467,	12904,	19937,	32841
1203,	37.01,	6467,	12898,	19929,	32827
1204,	37.03,	6463,	12900,	19945,	32845
1205,	37.02,	6466,	12899,	19932,	32831
1206,	36.99,	6473,	12912,	19930,	32842
1207,	37.01,	6467,	12906,	19940,	32846
1208,	37.01,	6468,	12902,	19931,	32833
1209,	37.00,	6470,	12907,	19934,	32841
1210,	37.00,	6470,	12905,	19931,	32836
1211,	37.06,	6456,	12880,	19936,	32816
1212,	36.99,	6473,	12910,	19929,	32839
1213,	36.99,	6473,	12909,	19928,	32837
1214,	37.02,	6466,	12902,	19938,	32840
1215,	37.05,	6459,	12890,	19940,	32830
1216,	37.05,	6459,	12887,	19937,	32824
1217,	37.03,	6464,	12899,	19940,	32839
1218,	37.00,	6470,	12901,	19924,	32825
1219,	36.99,	6472,	12913,	19935,	32848
1220,	37.00,	6471,	12907,	19930,	32837
1221,	37.01,	6469,	12903,	19930,	32833
1222,	36.93,	6487,	12917,	19896,	32813
1223,	36.95,	6481,	12916,	19913,	32829
1224,	36.90,	6493,	12921,	19883,	32804
1225,	36.93,	6487,	12934,	19921,	32855
1226,	36.90,	6493,	12931,	19898,	32829
1227,	36.95,	6482,	12923,	19922,	32845
1228,	36.98,	6475,	12913,	19926,	32839
1229,	36.97,	6477,	12916,	19925,	32841
1230,	37.03,	6463,	12902,	19947,	32849
1231,	37.04,	6461,	12896,	19944,	32840
1232,	37.05,	6458,	12892,	19948,	32840
1233,	37.08,	6453,	12890,	19958,	32848
1234,	37.05,	6459,	12886,	19936,	32822
1235,	37.11,	6446,	12875,	19958,	32833
1236,	37.10,	6448,	12881,	19960,	32841
1237,	37.09,	6450,	12872,	19941,	32813
1238,	37.15,	6437,	12865,	19969,	32834
1239,	37.13,	6441,	12871,	19966,	32837
1240,	37.13,	6441,	12868,	19962,	32830
1241,	37.13,	6441,	12869,	19965,	32834
1242,	37.13,	6441,	12869,	19964,	32833
1243,	37.11,	6446,	12878,	19963,	32841
1244,	37.12,	6443,	12873,	19965,	32838
1245,	37.14,	6438,	12870,	19974,	32844
1246,	37.18,	6430,	12859,	19982,	32841
1247,	37.15,	6437,	12866,	19972,	32838
1248,	37.17,	6431,	12858,	19977,	32835
1249,	37.17,	6431,	12856,	19976,	32832
1250,	37.16,	6435,	12862,	19971,	32833
1251,	37.18,	6430,	12855,	19977,	32832
1252,	37.18,	6429,	12856,	19981,	32837
1253,	37.18,	6430,	12857,	19979,	32836
1254,	37.19,	6428,	12848,	19971,	32819
1255,	37.15,	6436,	12861,	19966,	32827
1256,	37.16,	6433,	12864,	19981,	32845
1257,	37.10,	6448,	12879,	19957,	32836
1258,	37.13,	6440,	12876,	19978,	32854
1259,	37.10,	6447,	12876,	19955,	32831
1260,	37.06,	6456,	12892,	19952,	32844
1261,	36.99,	6472,	12911,	19934,	32845
1262,	36.96,	6480,	12918,	19918,	32836
1263,	36.93,	6486,	12922,	19907,	32829
1264,	36.88,	6497,	12940,	19902,	32842
1265,	36.88,	6498,	12940,	19897,	32837
1266,	36.84,	6506,	12937,	19870,	32807
1267,	36.89,	6495,	12938,	19903,	32841
1268,	36.89,	6496,	12936,	19899,	32835
1269,	36.92,	6489,	12930,	19909,	32839
1270,	36.96,	6479,	12917,	19922,	32839
1271,	36.97,	6478,	12911,	19916,	32827
1272,	36.99,	6473,	12912,	19930,	32842
1273,	37.09,	6449,	12883,	19961,	32844
1274,	37.06,	6457,	12891,	19947,	32838
1275,	37.03,	6463,	12899,	19942,	32841
1276,	37.05,	6460,	12896,	19946,	32842
1277,	37.02,	6466,	12909,	19947,	32856
1278,	37.07,	6454,	12884,	19948,	32832
1279,	37.01,	6467,	12900,	19930,	32830
1280,	37.01,	6467,	12905,	19940,	32845
1281,	37.02,	6465,	12904,	19944,	32848
1282,	36.98,	6475,	12914,	19929,	32843
1283,	37.00,	6470,	12909,	19935,	32844
1284,	37.00,	6471,	12906,	19929,	32835
1285,	36.96,	6480,	12917,	19919,	32836
1286,	36.93,	6487,	12930,	19917,	32847
1287,	36.93,	6487,	12927,	19911,	32838
1288,	36.91,	6491,	12936,	19912,	32848
1289,	36.89,	6496,	12939,	19903,	32842
1290,	36.89,	6495,	12938,	19904,	32842
1291,	36.88,	6498,	12938,	19896,	32834
1292,	36.84,	6506,	12949,	19886,	32835
1293,	36.87,	6500,	12933,	19882,	32815
1294,	36.81,	6514,	12964,	19886,	32850
1295,	36.81,	6513,	12961,	19883,	32844
1296,	36.82,	6511,	12957,	19884,	32841
1297,	36.86,	6503,	12947,	19893,	32840
1298,	36.85,	6505,	12949,	19889,	32838
1299,	36.84,	6507,	12952,	19890,	32842
1300,	36.87,	6500,	12940,	19893,	32833
1301,	36.86,	6503,	12944,	19890,	32834
1302,	36.87,	6501,	12951,	19907,	32858
1303,	36.85,	6505,	12944,	19884,	32828
1304,	36.84,	6506,	12955,	19897,	32852
1305,	36.84,	6507,	12954,	19893,	32847
1306,	36.83,	6510,	12957,	19886,	32843
1307,	36.87,	6500,	12946,	19900,	32846
1308,	36.84,	6507,	12949,	19883,	32832
1309,	36.84,	6507,	12949,	19884,	32833
1310,	36.85,	6504,	12946,	19889,	32835
1311,	36.86,	6502,	12950,	19902,	32852
1312,	36.88,	6497,	12939,	19900,	32839
1313,	36.96,	6480,	12910,	19906,	32816
1314,	36.94,	6483,	12924,	19920,	32844
1315,	36.96,	6480,	12921,	19924,	32845
1316,	36.97,	6477,	12915,	19923,	32838
1317,	36.99,	6473,	12911,	19929,	32840
1318,	37.02,	6466,	12902,	19938,	32840
1319,	37.00,	6471,	12906,	19928,	32834
1320,	37.00,	6471,	12901,	19921,	32822
1321,	37.04,	6462,	12898,	19944,	32842
1322,	37.08,	6453,	12875,	19935,	32810
1323,	37.00,	6470,	12905,	19930,	32835
1324,	37.00,	6470,	12911,	19938,	32849
1325,	37.00,	6470,	12912,	19942,	32854
1326,	36.94,	6485,	12927,	19917,	32844
1327,	36.95,	6481,	12929,	19934,	32863
1328,	36.94,	6485,	12927,	19917,	32844
1329,	36.91,	6491,	12931,	19906,	32837
1330,	36.89,	6495,	12940,	19907,	32847
1331,	36.89,	6495,	12936,	19901,	32837
1332,	36.87,	6501,	12947,	19899,	32846
1333,	36.84,	6507,	12951,	19887,	32838
1334,	36.86,	6502,	12946,	19894,	32840
1335,	36.88,	6498,	12937,	19893,	32830
1336,	36.83,	6509,	12953,	19885,	32838
1337,	36.82,	6511,	12952,	19878,	32830
1338,	36.84,	6506,	12952,	19891,	32843
1339,	36.82,	6512,	12957,	19881,	32838
1340,	36.81,	6513,	12960,	19883,	32843
1341,	36.83,	6509,	12953,	19884,	32837
1342,	36.83,	6509,	12955,	19888,	32843
1343,	36.80,	6516,	12963,	19877,	32840
1344,	36.80,	6515,	12961,	19878,	32839
1345,	36.83,	6509,	12951,	19880,	32831
1346,	36.79,	6519,	12963,	19868,	32831
1347,	36.80,	6517,	12964,	19878,	32842
1348,	36.84,	6507,	12949,	19884,	32833
1349,	36.81,	6514,	12959,	19879,	32838
1350,	36.80,	6517,	12964,	19876,	32840
1351,	36.82,	6512,	12961,	19887,	32848
1352,	36.75,	6528,	12975,	19860,	32835
1353,	36.84,	6507,	12941,	19872,	32813
1354,	36.77,	6522,	12971,	19872,	32843
1355,	36.79,	6519,	12973,	19883,	32856
1356,	36.77,	6523,	12970,	19867,	32837
1357,	36.80,	6517,	12963,	19874,	32837
1358,	36.81,	6513,	12967,	19893,	32860
1359,	36.77,	6523,	12969,	19867,	32836
1360,	36.74,	6529,	12976,	19857,	32833
1361,	36.74,	6529,	12982,	19867,	32849
1362,	36.73,	6533,	12981,	19854,	32835
1363,	36.74,	6530,	12980,	19862,	32842
1364,	36.77,	6522,	12968,	19867,	32835
1365,	36.80,	6517,	12967,	19880,	32847
1366,	36.77,	6522,	12971,	19873,	32844
1367,	36.78,	6521,	12969,	19873,	32842
1368,	36.77,	6523,	12974,	19875,	32849
1369,	36.73,	6532,	12978,	19853,	32831
1370,	36.75,	6527,	12977,	19866,	32843
1371,	36.71,	6536,	12991,	19860,	32851
1372,	36.66,	6549,	13006,	19843,	32849
1373,	36.71,	6537,	12992,	19859,	32851
1374,	36.70,	6539,	12985,	19842,	32827
1375,	36.67,	6546,	13006,	19852,	32858
1376,	36.72,	6535,	12984,	19853,	32837
1377,	36.74,	6529,	12978,	19861,	32839
1378,	36.74,	6529,	12975,	19856,	32831
1379,	36.72,	6535,	12984,	19853,	32837
1380,	36.73,	6532,	12975,	19848,	32823
1381,	36.69,	6542,	12993,	19844,	32837
1382,	36.65,	6550,	13003,	19837,	32840
1383,	36.66,	6548,	13001,	19838,	32839
1384,	36.72,	6534,	12989,	19862,	32851
1385,	36.72,	6534,	12981,	19852,	32833
1386,	36.67,	6546,	12999,	19841,	32840
1387,	36.68,	6544,	12999,	19847,	32846
1388,	36.73,	6533,	12986,	19863,	32849
1389,	36.69,	6541,	12990,	19843,	32833
1390,	36.70,	6539,	12996,	19858,	32854
1391,	36.71,	6536,	12983,	19848,	32831
1392,	36.70,	6538,	12988,	19851,	32839
1393,	36.67,	6547,	13003,	19845,	32848
1394,	36.70,	6538,	12988,	19849,	32837
1395,	36.70,	6539,	12995,	19856,	32851
1396,	36.72,	6534,	12993,	19868,	32861
1397,	36.68,	6544,	13001,	19850,	32851
1398,	36.77,	6523,	12962,	19854,	32816
1399,	36.70,	6539,	12989,	19848,	32837
1400,	36.69,	6542,	12994,	19848,	32842
1401,	36.74,	6529,	12977,	19860,	32837
1402,	36.74,	6529,	12984,	19870,	32854
1403,	36.76,	6525,	12963,	19850,	32813
1404,	36.69,	6541,	12994,	19850,	32844
1405,	36.69,	6542,	12990,	19841,	32831
1406,	36.66,	6548,	13001,	19838,	32839
1407,	36.66,	6548,	13003,	19842,	32845
1408,	36.67,	6546,	12993,	19833,	32826
1409,	36.64,	6553,	13007,	19833,	32840
1410,	36.63,	6556,	13010,	19829,	32839
1411,	36.63,	6555,	13015,	19840,	32855
1412,	36.61,	6559,	13014,	19827,	32841
1413,	36.63,	6556,	13009,	19828,	32837
1414,	36.58,	6567,	13035,	19832,	32867
1415,	36.66,	6548,	13000,	19836,	32836
1416,	36.64,	6552,	13008,	19837,	32845
1417,	36.65,	6551,	13004,	19836,	32840
1418,	36.65,	6550,	13006,	19842,	32848
1419,	36.68,	6543,	12996,	19846,	32842
1420,	36.68,	6543,	12992,	19839,	32831
1421,	36.72,	6535,	12984,	19854,	32838
1422,	36.77,	6522,	12978,	19883,	32861
1423,	36.71,	6537,	12988,	19854,	32842
1424,	36.73,	6532,	12982,	19860,	32842
1425,	36.75,	6527,	12979,	19868,	32847
1426,	36.70,	6540,	12989,	19846,	32835
1427,	36.72,	6534,	12984,	19855,	32839
1428,	36.70,	6538,	12987,	19849,	32836
1429,	36.69,	6541,	12991,	19845,	32836
1430,	36.65,	6550,	13001,	19834,	32835
1431,	36.69,	6542,	12995,	19847,	32842
1432,	36.64,	6552,	13009,	19838,	32847
1433,	36.63,	6554,	13007,	19830,	32837
1434,	36.64,	6552,	13010,	19840,	32850
1435,	36.65,	6551,	13007,	19838,	32845
1436,	36.66,	6549,	13004,	19842,	32846
1437,	36.67,	6546,	13000,	19844,	32844
1438,	36.68,	6543,	12997,	19848,	32845
1439,	36.66,	6548,	12999,	19835,	32834
1440,	36.63,	6556,	12999,	19813,	32812
1441,	36.65,	6550,	13002,	19835,	32837
1442,	36.63,	6555,	13005,	19825,	32830
1443,	36.61,	6559,	12999,	19803,	32802
1444,	36.70,	6540,	12994,	19852,	32846
1445,	36.66,	6548,	13001,	19838,	32839
1446,	36.71,	6537,	12985,	19849,	32834
1447,	36.68,	6544,	12992,	19837,	32829
1448,	36.61,	6560,	13011,	19817,	32828
1449,	36.57,	6568,	13032,	19825,	32857
1450,	36.60,	6562,	13014,	19818,	32832
1451,	36.56,	6572,	13034,	19818,	32852
1452,	36.55,	6573,	13029,	19805,	32834
1453,	36.56,	6572,	13030,	19811,	32841
1454,	36.53,	6578,	13039,	19806,	32845
1455,	36.48,	6591,	13059,	19797,	32856
1456,	36.55,	6573,	13030,	19808,	32838
1457,	36.49,	6588,	13048,	19791,	32839
1458,	36.46,	6594,	13059,	19790,	32849
1459,	36.46,	6594,	13054,	19781,	32835
1460,	36.51,	6583,	13048,	19806,	32854
1461,	36.45,	6596,	13055,	19776,	32831
1462,	36.49,	6588,	13048,	19790,	32838
1463,	36.49,	6587,	13046,	19790,	32836
1464,	36.48,	6589,	13048,	19788,	32836
1465,	36.51,	6584,	13048,	19803,	32851
1466,	36.58,	6567,	13020,	19811,	32831
1467,	36.56,	6572,	13032,	19814,	32846
1468,	36.55,	6574,	13031,	19805,	32836
1469,	36.54,	6575,	13030,	19801,	32831
1470,	36.50,	6585,	13043,	19792,	32835
1471,	36.41,	6606,	13071,	19771,	32842
1472,	36.44,	6600,	13060,	19771,	32831
1473,	36.47,	6593,	13053,	19781,	32834
1474,	36.44,	6600,	13062,	19774,	32836
1475,	36.54,	6577,	13031,	19796,	32827
1476,	36.51,	6582,	13043,	19801,	32844
1477,	36.51,	6582,	13036,	19791,	32827
1478,	36.51,	6583,	13043,	19796,	32839
1479,	36.54,	6577,	13032,	19800,	32832
1480,	36.53,	6579,	13043,	19810,	32853
1481,	36.57,	6569,	13035,	19827,	32862
1482,	36.57,	6570,	13030,	19817,	32847
1483,	36.53,	6578,	13040,	19808,	32848
1484,	36.51,	6582,	13041,	19798,	32839
1485,	36.52,	6581,	13036,	19794,	32830
1486,	36.54,	6577,	13037,	19805,	32842
1487,	36.52,	6581,	13044,	19804,	32848
1488,	36.51,	6584,	13052,	19809,	32861
1489,	36.56,	6572,	13030,	19810,	32840
1490,	36.55,	6574,	13030,	19805,	32835
1491,	36.54,	6576,	13033,	19802,	32835
1492,	36.54,	6576,	13033,	19804,	32837
1493,	36.52,	6581,	13039,	19796,	32835
1494,	36.52,	6580,	13045,	19810,	32855
1495,	36.54,	6576,	13038,	19811,	32849
1496,	36.49,	6587,	13049,	19793,	32842
1497,	36.47,	6593,	13061,	19794,	32855
1498,	36.51,	6583,	13047,	19802,	32849
1499,	36.50,	6586,	13047,	19793,	32840
1500,	36.44,	6598,	13062,	19782,	32844
1501,	36.44,	6598,	13059,	19778,	32837
1502,	36.46,	6594,	13056,	19783,	32839
1503,	36.41,	6606,	13070,	19769,	32839
1504,	36.41,	6607,	13074,	19771,	32845
1505,	36.39,	6610,	13076,	19765,	32841
1506,	36.37,	6615,	13080,	19756,	32836
1507,	36.38,	6612,	13076,	19761,	32837
1508,	36.38,	6614,	13081,	19761,	32842
1509,	36.34,	6622,	13090,	19753,	32843
1510,	36.35,	6619,	13096,	19769,	32865
1511,	36.38,	6614,	13080,	19761,	32841
1512,	36.36,	6617,	13086,	19760,	32846
1513,	36.35,	6621,	13091,	19756,	32847
1514,	36.38,	6614,	13082,	19762,	32844
1515,	36.33,	6625,	13094,	19749,	32843
1516,	36.35,	6620,	13083,	19747,	32830
1517,	36.32,	6626,	13093,	19744,	32837
1518,	36.28,	6637,	13117,	19747,	32864
1519,	36.33,	6625,	13095,	19750,	32845
1520,	36.38,	6612,	13076,	19761,	32837
1521,	36.31,	6630,	13090,	19729,	32819
1522,	36.38,	6612,	13080,	19765,	32845
1523,	36.42,	6604,	13069,	19773,	32842
1524,	36.42,	6603,	13071,	19779,	32850
1525,	36.44,	6599,	13058,	19772,	32830
1526,	36.43,	6602,	13070,	19780,	32850
1527,	36.45,	6596,	13057,	19778,	32835
1528,	36.45,	6597,	13070,	19797,	32867
1529,	36.43,	6602,	13066,	19774,	32840
1530,	36.42,	6604,	13070,	19775,	32845
1531,	36.37,	6616,	13084,	19760,	32844
1532,	36.41,	6607,	13069,	19765,	32834
1533,	36.40,	6609,	13072,	19762,	32834
1534,	36.39,	6611,	13074,	19760,	32834
1535,	36.41,	6606,	13070,	19769,	32839
1536,	36.44,	6599,	13059,	19774,	32833
1537,	36.43,	6602,	13066,	19775,	32841
1538,	36.38,	6612,	13076,	19759,	32835
1539,	36.33,	6624,	13091,	19748,	32839
1540,	36.39,	6611,	13076,	19762,	32838
1541,	36.37,	6616,	13083,	19759,	32842
1542,	36.36,	6618,	13085,	19757,	32842
1543,	36.37,	6615,	13088,	19770,	32858
1544,	36.37,	6615,	13082,	19761,	32843
1545,	36.34,	6622,	13090,	19752,	32842
1546,	36.37,	6615,	13081,	19759,	32840
1547,	36.39,	6611,	13075,	19761,	32836
1548,	36.43,	6602,	13064,	19771,	32835
1549,	36.43,	6602,	13063,	19771,	32834
1550,	36.41,	6607,	13072,	19770,	32842
1551,	36.39,	6611,	13065,	19747,	32812
1552,	36.43,	6602,	13067,	19776,	32843
1553,	36.44,	6599,	13057,	19772,	32829
1554,	36.44,	6600,	13051,	19759,	32810
1555,	36.48,	6590,	13050,	19787,	32837
1556,	36.48,	6591,	13048,	19781,	32829
1557,	36.47,	6593,	13055,	19784,	32839
1558,	36.43,	6601,	13057,	19764,	32821
1559,	36.40,	6609,	13071,	19761,	32832
1560,	36.37,	6615,	13081,	19758,	32839
1561,	36.38,	6613,	13082,	19767,	32849
1562,	36.39,	6610,	13076,	19767,	32843
1563,	36.39,	6610,	13078,	19769,	32847
1564,	36.40,	6609,	13074,	19765,	32839
1565,	36.43,	6601,	13063,	19775,	32838
1566,	36.43,	6602,	13071,	19782,	32853
1567,	36.42,	6604,	13075,	19784,	32859
1568,	36.39,	6611,	13079,	19769,	32848
1569,	36.43,	6602,	13063,	19771,	32834
1570,	36.37,	6616,	13084,	19760,	32844
1571,	36.43,	6602,	13065,	19775,	32840
1572,	36.42,	6603,	13071,	19779,	32850
1573,	36.43,	6602,	13067,	19777,	32844
1574,	36.48,	6591,	13062,	19802,	32864
1575,	36.46,	6595,	13056,	19781,	32837
1576,	36.48,	6590,	13054,	19794,	32848
1577,	36.47,	6592,	13058,	19792,	32850
1578,	36.52,	6580,	13044,	19808,	32852
1579,	36.50,	6585,	13042,	19791,	32833
1580,	36.46,	6594,	13056,	19784,	32840
1581,	36.49,	6587,	13049,	19794,	32843
1582,	36.47,	6593,	13054,	19784,	32838
1583,	36.44,	6599,	13059,	19773,	32832
1584,	36.43,	6601,	13064,	19775,	32839
1585,	36.45,	6596,	13059,	19784,	32843
1586,	36.44,	6599,	13063,	19781,	32844
1587,	36.50,	6586,	13042,	19788,	32830
1588,	36.48,	6589,	13049,	19789,	32838
1589,	36.44,	6600,	13066,	19781,	32847
1590,	36.43,	6601,	13068,	19781,	32849
1591,	36.44,	6598,	13059,	19777,	32836
1592,	36.41,	6605,	13077,	19784,	32861
1593,	36.38,	6612,	13073,	19757,	32830
1594,	36.38,	6613,	13078,	19759,	32837
1595,	36.33,	6625,	13094,	19750,	32844
1596,	36.32,	6627,	13099,	19751,	32850
1597,	36.33,	6625,	13089,	19740,	32829
1598,	36.33,	6625,	13091,	19743,	32834
1599,	36.33,	6624,	13088,	19742,	32830
1600,	36.31,	6629,	13099,	19745,	32844
1601,	36.32,	6626,	13096,	19748,	32844
1602,	36.28,	6637,	13112,	19740,	32852
1603,	36.28,	6636,	13108,	19738,	32846
1604,	36.31,	6629,	13098,	19742,	32840
1605,	36.29,	6634,	13101,	19733,	32834
1606,	36.29,	6633,	13102,	19736,	32838
1607,	36.32,	6628,	13098,	19746,	32844
1608,	36.33,	6625,	13093,	19747,	32840
1609,	36.33,	6624,	13091,	19747,	32838
1610,	36.37,	6615,	13078,	19755,	32833
1611,	36.36,	6618,	13088,	19761,	32849
1612,	36.39,	6611,	13076,	19763,	32839
1613,	36.39,	6610,	13080,	19773,	32853
1614,	36.37,	6615,	13086,	19766,	32852
1615,	36.35,	6620,	13085,	19749,	32834
1616,	36.35,	6621,	13089,	19754,	32843
1617,	36.36,	6617,	13089,	19764,	32853
1618,	36.36,	6617,	13079,	19749,	32828
1619,	36.36,	6617,	13082,	19753,	32835
1620,	36.35,	6621,	13088,	19753,	32841
1621,	36.36,	6618,	13085,	19757,	32842
1622,	36.32,	6626,	13099,	19752,	32851
1623,	36.35,	6621,	13094,	19761,	32855
1624,	36.38,	6613,	13083,	19767,	32850
1625,	36.34,	6622,	13089,	19751,	32840
1626,	36.32,	6628,	13097,	19743,	32840
1627,	36.32,	6627,	13089,	19736,	32825
1628,	36.31,	6630,	13098,	19739,	32837
1629,	36.28,	6637,	13106,	19730,	32836
1630,	36.33,	6624,	13083,	19734,	32817
1631,	36.27,	6638,	13109,	19732,	32841
1632,	36.29,	6635,	13109,	19743,	32852
1633,	36.25,	6644,	13118,	19728,	32846
1634,	36.24,	6645,	13119,	19727,	32846
1635,	36.23,	6648,	13120,	19720,	32840
1636,	36.23,	6649,	13120,	19717,	32837
1637,	36.22,	6650,	13124,	19720,	32844
1638,	36.26,	6640,	13116,	19737,	32853
1639,	36.32,	6627,	13102,	19756,	32858
1640,	36.33,	6625,	13092,	19747,	32839
1641,	36.35,	6619,	13090,	19762,	32852
1642,	36.34,	6622,	13089,	19751,	32840
1643,	36.35,	6620,	13077,	19737,	32814
1644,	36.38,	6613,	13082,	19766,	32848
1645,	36.37,	6616,	13081,	19756,	32837
1646,	36.40,	6609,	13070,	19760,	32830
1647,	36.37,	6615,	13079,	19757,	32836
1648,	36.41,	6607,	13069,	19765,	32834
1649,	36.38,	6612,	13078,	19764,	32842
1650,	36.39,	6611,	13082,	19773,	32855
1651,	36.36,	6618,	13090,	19765,	32855
1652,	36.39,	6611,	13070,	19755,	32825
1653,	36.35,	6620,	13084,	19749,	32833
1654,	36.35,	6619,	13088,	19759,	32847
1655,	36.40,	6608,	13072,	19766,	32838
1656,	36.41,	6607,	13070,	19767,	32837
1657,	36.38,	6613,	13080,	19764,	32844
1658,	36.41,	6606,	13069,	19769,	32838
1659,	36.41,	6607,	13074,	19773,	32847
1660,	36.43,	6602,	13068,	19777,	32845
1661,	36.41,	6605,	13067,	19767,	32834
1662,	36.45,	6596,	13058,	19781,	32839
1663,	36.48,	6589,	13051,	19792,	32843
1664,	36.49,	6588,	13048,	19790,	32838
1665,	36.42,	6604,	13075,	19784,	32859
1666,	36.44,	6600,	13050,	19758,	32808
1667,	36.46,	6595,	13059,	19785,	32844
1668,	36.48,	6590,	13047,	19782,	32829
1669,	36.41,	6606,	13063,	19760,	32823
1670,	36.44,	6598,	13065,	19786,	32851
1671,	36.48,	6589,	13047,	19786,	32833
1672,	36.48,	6589,	13050,	19790,	32840
1673,	36.47,	6592,	13052,	19785,	32837
1674,	36.48,	6590,	13055,	19795,	32850
1675,	36.50,	6586,	13048,	19795,	32843
1676,	36.47,	6592,	13055,	19789,	32844
1677,	36.44,	6600,	13062,	19774,	32836
1678,	36.40,	6609,	13076,	19769,	32845
1679,	36.42,	6604,	13073,	19779,	32852
1680,	36.40,	6608,	13074,	19768,	32842
1681,	36.41,	6607,	13072,	19768,	32840
1682,	36.41,	6607,	13073,	19771,	32844
1683,	36.44,	6599,	13055,	19768,	32823
1684,	36.40,	6608,	13072,	19766,	32838
1685,	36.41,	6607,	13075,	19775,	32850
1686,	36.42,	6604,	13068,	19772,	32840
1687,	36.39,	6611,	13076,	19762,	32838
1688,	36.35,	6619,	13093,	19766,	32859
1689,	36.32,	6628,	13094,	19739,	32833
1690,	36.33,	6624,	13092,	19749,	32841
1691,	36.35,	6620,	13072,	19731,	32803
1692,	36.24,	6646,	13123,	19731,	32854
1693,	36.24,	6646,	13119,	19725,	32844
1694,	36.23,	6649,	13119,	19715,	32834
1695,	36.23,	6648,	13119,	19718,	32837
1696,	36.21,	6652,	13120,	19709,	32829
1697,	36.20,	6656,	13129,	19710,	32839
1698,	36.19,	6658,	13135,	19712,	32847
1699,	36.17,	6662,	13136,	19702,	32838
1700,	36.17,	6663,	13140,	19705,	32845
1701,	36.19,	6657,	13132,	19711,	32843
1702,	36.22,	6651,	13122,	19715,	32837
1703,	36.18,	6659,	13127,	19697,	32824
1704,	36.25,	6643,	13113,	19723,	32836
1705,	36.26,	6641,	13106,	19720,	32826
1706,	36.29,	6635,	13103,	19732,	32835
1707,	36.32,	6626,	13089,	19737,	32826
1708,	36.32,	6627,	13089,	19735,	32824
1709,	36.34,	6623,	13091,	19751,	32842
1710,	36.31,	6629,	13099,	19743,	32842
1711,	36.30,	6632,	13101,	19737,	32838
1712,	36.30,	6631,	13106,	19748,	32854
1713,	36.30,	6632,	13105,	19743,	32848
1714,	36.25,	6644,	13114,	19722,	32836
1715,	36.30,	6632,	13099,	19734,	32833
1716,	36.27,	6638,	13113,	19739,	32852
1717,	36.29,	6635,	13104,	19734,	32838
1718,	36.29,	6635,	13106,	19737,	32843
1719,	36.35,	6619,	13079,	19743,	32822
1720,	36.34,	6622,	13090,	19751,	32841
1721,	36.33,	6624,	13091,	19748,	32839
1722,	36.35,	6619,	13086,	19755,	32841
1723,	36.35,	6621,	13092,	19757,	32849
1724,	36.38,	6613,	13086,	19772,	32858
1725,	36.35,	6621,	13089,	19753,	32842
1726,	36.34,	6623,	13093,	19752,	32845
1727,	36.37,	6615,	13091,	19774,	32865
1728,	36.28,	6636,	13102,	19729,	32831
1729,	36.32,	6626,	13103,	19759,	32862
1730,	36.29,	6633,	13110,	19749,	32859
1731,	36.29,	6634,	13104,	19737,	32841
1732,	36.30,	6632,	13099,	19736,	32835
1733,	36.29,	6634,	13098,	19728,	32826
1734,	36.32,	6628,	13097,	19744,	32841
1735,	36.31,	6629,	13099,	19745,	32844
1736,	36.25,	6643,	13120,	19734,	32854
1737,	36.32,	6626,	13094,	19747,	32841
1738,	36.29,	6634,	13099,	19729,	32828
1739,	36.28,	6636,	13105,	19733,	32838
1740,	36.31,	6629,	13100,	19745,	32845
1741,	36.32,	6628,	13095,	19740,	32835
1742,	36.28,	6636,	13106,	19734,	32840
1743,	36.29,	6633,	13103,	19737,	32840
1744,	36.31,	6630,	13100,	19744,	32844
1745,	36.28,	6636,	13108,	19737,	32845
1746,	36.30,	6631,	13102,	19742,	32844
1747,	36.36,	6618,	13075,	19742,	32817
1748,	36.35,	6620,	13092,	19762,	32854
1749,	36.31,	6630,	13100,	19743,	32843
1750,	36.32,	6626,	13097,	19750,	32847
1751,	36.29,	6634,	13103,	19735,	32838
1752,	36.26,	6642,	13116,	19732,	32848
1753,	36.27,	6639,	13113,	19736,	32849
1754,	36.28,	6636,	13106,	19735,	32841
1755,	36.26,	6642,	13122,	19741,	32863
1756,	36.26,	6642,	13116,	19730,	32846
1757,	36.27,	6638,	13108,	19732,	32840
1758,	36.23,	6649,	13125,	19725,	32850
1759,	36.24,	6647,	13118,	19718,	32836
1760,	36.28,	6636,	13111,	19743,	32854
1761,	36.30,	6632,	13098,	19735,	32833
1762,	36.30,	6631,	13102,	19744,	32846
1763,	36.32,	6626,	13095,	19747,	32842
1764,	36.38,	6614,	13080,	19760,	32840
1765,	36.32,	6626,	13087,	19735,	32822
1766,	36.34,	6623,	13091,	19751,	32842
1767,	36.35,	6620,	13085,	19751,	32836
1768,	36.34,	6623,	13089,	19747,	32836
1769,	36.32,	6627,	13096,	19747,	32843
1770,	36.29,	6635,	13116,	19751,	32867
1771,	36.33,	6625,	13096,	19751,	32847
1772,	36.30,	6632,	13101,	19738,	32839
1773,	36.31,	6630,	13092,	19730,	32822
1774,	36.39,	6611,	13069,	19753,	32822
1775,	36.30,	6631,	13098,	19736,	32834
1776,	36.32,	6627,	13096,	19745,	32841
1777,	36.33,	6624,	13092,	19750,	32842
1778,	36.32,	6626,	13094,	19747,	32841
1779,	36.33,	6624,	13089,	19745,	32834
1780,	36.35,	6621,	13088,	19752,	32840
1781,	36.33,	6624,	13090,	19746,	32836
1782,	36.31,	6629,	13102,	19748,	32850
1783,	36.33,	6624,	13091,	19746,	32837
1784,	36.32,	6627,	13095,	19744,	32839
1785,	36.31,	6629,	13101,	19748,	32849
1786,	36.33,	6625,	13091,	19743,	32834
1787,	36.33,	6624,	13088,	19744,	32832
1788,	36.37,	6615,	13082,	19759,	32841
1789,	36.40,	6608,	13071,	19766,	32837
1790,	36.38,	6612,	13081,	19769,	32850
1791,	36.36,	6617,	13086,	19760,	32846
1792,	36.38,	6612,	13082,	19768,	32850
1793,	36.34,	6622,	13089,	19751,	32840
1794,	36.33,	6624,	13090,	19746,	32836
1795,	36.34,	6622,	13096,	19760,	32856
1796,	36.36,	6617,	13086,	19761,	32847
1797,	36.34,	6622,	13093,	19756,	32849
1798,	36.36,	6618,	13083,	19752,	32835
1799,	36.35,	6620,	13090,	19759,	32849
1800,	36.34,	6623,	13087,	19744,	32831
1801,	36.39,	6611,	13074,	19760,	32834
1802,	36.41,	6607,	13070,	19766,	32836
1803,	36.37,	6615,	13084,	19763,	32847
1804,	36.44,	6599,	13063,	19779,	32842
1805,	36.41,	6607,	13075,	19774,	32849
1806,	36.38,	6613,	13081,	19764,	32845
1807,	36.37,	6616,	13084,	19760,	32844
1808,	36.37,	6615,	13079,	19757,	32836
1809,	36.38,	6614,	13080,	19759,	32839
1810,	36.40,	6608,	13078,	19774,	32852
1811,	36.37,	6615,	13080,	19758,	32838
1812,	36.37,	6616,	13090,	19771,	32861
1813,	36.32,	6628,	13097,	19745,	32842
1814,	36.31,	6630,	13099,	19741,	32840
1815,	36.33,	6624,	13092,	19748,	32840
1816,	36.36,	6618,	13089,	19761,	32850
1817,	36.37,	6616,	13080,	19755,	32835
1818,	36.42,	6604,	13065,	19769,	32834
1819,	36.38,	6614,	13083,	19764,	32847
1820,	36.38,	6614,	13077,	19757,	32834
1821,	36.38,	6612,	13077,	19763,	32840
1822,	36.34,	6622,	13088,	19749,	32837
1823,	36.33,	6625,	13090,	19742,	32832
1824,	36.33,	6625,	13095,	19749,	32844
1825,	36.29,	6634,	13104,	19737,	32841
1826,	36.30,	6632,	13098,	19733,	32831
1827,	36.31,	6629,	13097,	19740,	32837
1828,	36.29,	6633,	13104,	19739,	32843
1829,	36.32,	6628,	13096,	19742,	32838
1830,	36.33,	6625,	13096,	19751,	32847
1831,	36.30,	6631,	13097,	19736,	32833
1832,	36.32,	6628,	13097,	19743,	32840
1833,	36.28,	6637,	13106,	19730,	32836
1834,	36.25,	6643,	13117,	19729,	32846
1835,	36.25,	6643,	13115,	19728,	32843
1836,	36.24,	6646,	13116,	19719,	32835
1837,	36.24,	6646,	13119,	19725,	32844
1838,	36.20,	6655,	13138,	19726,	32864
1839,	36.29,	6634,	13104,	19736,	32840
1840,	36.26,	6642,	13116,	19732,	32848
1841,	36.26,	6641,	13111,	19727,	32838
1842,	36.29,	6635,	13102,	19731,	32833
1843,	36.27,	6638,	13108,	19732,	32840
1844,	36.29,	6634,	13105,	19738,	32843
1845,	36.27,	6638,	13109,	19734,	32843
1846,	36.27,	6638,	13111,	19735,	32846
1847,	36.29,	6634,	13102,	19735,	32837
1848,	36.29,	6635,	13107,	19738,	32845
1849,	36.31,	6629,	13100,	19746,	32846
1850,	36.33,	6625,	13094,	19749,	32843
1851,	36.36,	6618,	13078,	19746,	32824
1852,	36.32,	6626,	13095,	19746,	32841
1853,	36.34,	6623,	13086,	19744,	32830
1854,	36.34,	6623,	13090,	19748,	32838
1855,	36.32,	6628,	13097,	19744,	32841
1856,	36.33,	6624,	13093,	19750,	32843
1857,	36.32,	6628,	13095,	19742,	32837
1858,	36.35,	6620,	13091,	19758,	32849
1859,	36.35,	6621,	13086,	19750,	32836
1860,	36.35,	6619,	13088,	19757,	32845
1861,	36.35,	6620,	13087,	19753,	32840
1862,	36.34,	6623,	13097,	19758,	32855
1863,	36.33,	6624,	13096,	19754,	32850
1864,	36.30,	6631,	13100,	19740,	32840
1865,	36.31,	6630,	13099,	19742,	32841
1866,	36.32,	6628,	13098,	19745,	32843
1867,	36.24,	6645,	13120,	19729,	32849
1868,	36.30,	6632,	13098,	19734,	32832
1869,	36.31,	6630,	13095,	19735,	32830
1870,	36.29,	6633,	13103,	19739,	32842
1871,	36.32,	6627,	13097,	19746,	32843
1872,	36.28,	6636,	13108,	19738,	32846
1873,	36.29,	6633,	13099,	19732,	32831
1874,	36.33,	6625,	13094,	19748,	32842
1875,	36.27,	6638,	13112,	19736,	32848
1876,	36.29,	6635,	13109,	19742,	32851
1877,	36.31,	6630,	13101,	19744,	32845
1878,	36.30,	6631,	13100,	19741,	32841
1879,	36.29,	6635,	13103,	19733,	32836
1880,	36.30,	6631,	13099,	19738,	32837
1881,	36.35,	6619,	13076,	19738,	32814
1882,	36.32,	6628,	13101,	19749,	32850
1883,	36.33,	6625,	13092,	19745,	32837
1884,	36.30,	6631,	13105,	19747,	32852
1885,	36.32,	6626,	13094,	19745,	32839
1886,	36.30,	6632,	13103,	19740,	32843
1887,	36.32,	6627,	13093,	19741,	32834
1888,	36.36,	6618,	13097,	19774,	32871
